"time","n","der(n)"
0	,2,1142.4342720000002
1e-4	,2.1175687768499296,1209.4899705266332
2e-4	,2.2420341797231766,1280.4671300876182
3e-4	,2.3738000777425,1355.5939367738722
4e-4	,2.513299214579307,1435.1147412433804
5e-4	,2.6609822187124346,1519.283754692618
6e-4	,2.817326389710081,1608.3700161038705
7e-4	,2.982835066011113,1702.6569841579048
8e-4	,3.1580468601644753,1802.4477442325576
9e-4	,3.3435261896710964,1908.059553294832
0.001	,3.5398697212562844,2019.8274445443346
0.0011	,3.7477109857531743,2138.106778852658
0.0012	,3.96772116804942,2263.273608392006
0.0013	,4.200608825162805,2395.7244213776985
0.0014	,4.4471229841084705,2535.8777990447793
0.0015	,4.70805614279124,2684.1760036257724
0.0016	,4.984246008112705,2841.085833710808
0.0017	,5.276577601896562,3007.0996731714363
0.0018	,5.58598700603245,3182.737453054248
0.0019	,5.91346438478333,3368.548181760879
0.002	,6.260055895912441,3565.110822292595
0.0021	,6.626866307778874,3773.0355461802546
0.0022	,7.015063572207259,3992.9660681721825
0.0023	,7.42588258595364,4225.581488072153
0.0024	,7.860627550106914,4471.597303813493
0.0025	,8.320675081052247,4731.766813143906
0.0026	,8.807479654186755,5006.883791671747
0.0027	,9.322578243720375,5297.784665622062
0.0028	,9.867593218085368,5605.349645555551
0.0029	,10.4442360002376,5930.504235222779
0.003	,11.054313481599557,6274.222227551633
0.0031	,11.699733687357735,6637.528201032978
0.0032	,12.382509267244647,7021.4987093823565
0.0033	,13.104761725440632,7427.263800485531
0.0034	,13.868728878871877,7856.010249578959
0.0035	,14.67677169054753,8308.984323848084
0.0036	,15.531378382855832,8787.492896451879
0.0037	,16.435169198616077,9292.90479252948
0.0038	,17.390904920429982,9826.654087523659
0.0039	,18.401494982700722,10390.24300142959
0.004	,19.47000217078226,10985.242700595294
0.0041	,20.599647770353346,11613.294154945517
0.0042	,21.79382106062088,12276.11118905449
0.0043	,23.05608874242049,12975.48323607904
0.0044	,24.390200075058814,13713.27543368828
0.0045	,25.80009209591416,14491.42847879763
0.0046	,27.28989982711653,15311.960913123436
0.0047	,28.86396692021003,16176.97127107654
0.0048	,30.526850902697912,17088.636853284566
0.0049	,32.28332786994147,18049.211783463397
0.005	,34.13840287355675,19061.027724049887
0.0051	,36.09732145412844,20126.49467896068
0.0052	,38.165574397957904,21248.097532007712
0.0053	,40.34890087626137,22428.39113207894
0.0054	,42.65329808055979,23669.998263541416
0.0055	,45.0850329629282,24975.608013846813
0.0056	,47.650645520110615,26347.968806494482
0.0057	,50.35694873276391,27789.878872304504
0.0058	,53.21103594687208,29304.179865930248
0.0059	,56.220291642642366,30893.75131335093
0.006	,59.3923917643454,32561.498503992378
0.0061	,62.73529795292763,34310.33619973042
0.0062	,66.25726042632009,36143.17587000036
0.0063	,69.96682595999626,38062.91439594748
0.0064	,73.87283320507157,40072.414946055214
0.0065	,77.98440666012837,42174.48598511476
0.0066	,82.3109477814678,44371.85762566344
0.0067	,86.86210964187504,46667.14851388705
0.0068	,91.64779007208357,49062.841071646166
0.0069	,96.67813183109317,51561.25893737004
0.007	,101.96352726360722,54164.545110844134
0.0071	,107.5145719500338,56874.61362243002
0.0072	,113.34205000512901,59693.11608297854
0.0073	,119.45687411206086,62621.385536083944
0.0074	,125.87006131279853,65660.39743608423
0.0075	,132.59270456529185,68810.72802754655
0.0076	,139.63595218564356,72072.51596180873
0.0077	,147.01092391563057,75445.39457126759
0.0078	,154.7287007269744,78928.4590908775
0.0079	,162.80023581926164,82520.19858828913
0.008	,171.2362989511172,86218.44517897732
0.0081	,180.04739516857111,90020.31423249016
0.0082	,189.24370579520175,93922.15741976611
0.0083	,198.83499992993612,97919.50662902837
0.0084	,208.83056586671802,102007.03088774366
0.0085	,219.2391211441146,106178.48945667715
0.0086	,230.06870489904657,110426.68441103588
0.0087	,241.32663192245295,114743.4446777899
0.0088	,253.01925054296075,119119.54309998294
0.0089	,265.15202260133236,123544.74684848257
0.009	,277.7293099061292,128007.76508842857
0.0091	,290.7543144033825,132496.26664295886
0.0092	,304.2289047371192,136996.86993711963
0.0093	,318.15355944439057,141495.18773165185
0.0094	,332.52731632912946,145975.8848375853
0.0095	,347.3476243687146,150422.7182607259
0.0096	,362.61024301425743,154818.60928596588
0.0097	,378.3091607561997,159145.7367483023
0.0098	,394.43658450599906,163385.6635122502
0.0099	,410.9828286554586,167519.4482674776
0.01	,427.9363364231368,171527.80527105974
0.0101	,445.28357465243926,175391.2435922877
0.0102	,463.0091222450801,179090.26221910308
0.0103	,481.095528023322,182605.5019694319
0.0104	,499.52351737999885,185917.97650652056
0.0105	,518.2718184817867,189009.23092009113
0.0106	,537.3174815488927,191861.59047912923
0.0107	,556.635693900625,194458.31958220873
0.0108	,576.2001700795696,196783.86337681976
0.0109	,595.9830062436002,198824.0020952835
0.011	,615.9550704704263,200566.06031087102
0.0111	,636.0859494891525,201999.04810672576
0.0112	,656.3442984721489,203113.82203904708
0.0113	,676.6978949151646,203903.19757767863
0.0114	,697.1139392028066,204362.05312092908
>>>0.0115	,717.5592319569416,204487.39723129466
0.0116	,738.0004220375084,204278.40884242847
0.0117	,758.4040587311359,203736.45119256823
0.0118	,778.7368886308806,202865.05924137658
0.0119	,798.9662917311401,201669.87988597745
0.012	,819.060245189563,200158.60081098936
0.0121	,838.9875941579719,198340.844782265
0.0122	,858.718314380649,196228.03215539444
0.0123	,878.2234758845233,193833.25201070638
0.0124	,897.4756443467113,191171.06846868555
0.0125	,916.4488814365462,188257.3515924126
0.0126	,935.1189431646511,185109.0722211762
0.0127	,953.4632343087997,181744.125790077
0.0128	,971.4610624575394,178181.10038219456
0.0129	,989.093498387719,174439.11223838862
0.013	,1006.3435832880209,170537.5767585124
0.0131	,1023.1962311250242,166496.04301142273
0.0132	,1039.6384432768598,162333.9618273882
0.0133	,1055.6592784509983,158070.5113862754
0.0134	,1071.2495182303119,153724.52091427986
0.0135	,1086.4019352677851,149314.24923809114
0.0136	,1101.1109008287058,144857.35679783652
0.0137	,1115.3725906387842,140370.72301713322
0.0138	,1129.1847898652436,135870.39115727865
0.0139	,1142.546845848935,131371.48474072653
0.014	,1155.4596179950863,126888.13655521823
0.0141	,1167.925367970941,122433.45070914629
0.0142	,1179.9475467840725,118019.51749704796
0.0143	,1191.5308630974473,113657.34032950006
0.0144	,1202.680935550734,109356.92749580191
0.0145	,1213.4043902694232,105127.23070236044
0.0146	,1223.708807150807,100976.14476186989
0.0147	,1233.6024513719287,96910.60368595169
0.0148	,1243.0940972989458,92936.65424494629
0.0149	,1252.1930594982234,89059.45099814185
0.015	,1260.90926072989,85283.2356779157
0.0151	,1269.2530361070678,81611.43264436608
0.0152	,1277.2349595188814,78046.74378428169
0.0153	,1284.8658833622046,74591.1534751445
0.0154	,1292.156828407116,71246.00147745163
0.0155	,1299.118921460679,68012.0373777911
0.0156	,1305.7632957342362,64889.49434697028
0.0157	,1312.1010276908992,61878.14792176417
0.0158	,1318.1431029656233,58977.36162256537
0.0159	,1323.9007202654552,56185.96769046667
0.016	,1329.384449131611,53502.70188087195
0.0161	,1334.6050261383764,50925.84692310414
0.0162	,1339.57318564604,48453.33647902647
0.0163	,1344.299071317024,46083.07359263471
0.0164	,1348.7929798543435,43812.58542390921
0.0165	,1353.0647924629668,41639.330094121426
0.0166	,1357.12412806832,39560.64341002083
0.0167	,1360.980229339921,37573.818977251765
0.0168	,1364.6420746223441,35676.07152074088
0.0169	,1368.1185007696465,33864.49106611968
0.017	,1371.4180574322143,32136.13495673393
0.0171	,1374.5488735808415,30488.114674124317
0.0172	,1377.5187763849794,28917.54963448921
0.0173	,1380.3352977986897,27421.577793204426
0.0174	,1383.0057395155534,25997.33391757371
0.0175	,1385.5372620070734,24641.913171128665
0.0176	,1387.936605388119,23352.531061007474
0.0177	,1390.210160983446,22126.496356839696
0.0178	,1392.3640973353358,20961.152759695942
0.0179	,1394.404332446127,19853.90207566904
0.018	,1396.3366811246103,18802.131589560086
0.0181	,1398.1665788267464,17803.370993665645
0.0182	,1399.89917977612,16855.24613921889
0.0183	,1401.5393567738558,15955.48532327155
0.0184	,1403.0917943821514,15101.873647377359
0.0185	,1404.561137850074,14292.175477297236
0.0186	,1405.9516680577417,13524.3175404497
0.0187	,1407.2674737685693,12796.298450413924
0.0188	,1408.5123382429224,12106.255197637644
0.0189	,1409.6899390824963,11452.355902464515
0.019	,1410.8038777459526,10832.785946185113
0.0191	,1411.8575491396539,10245.82291824877
0.0192	,1412.8541591452165,9689.82943698932
0.0193	,1413.7965988457388,9163.32576553267
0.0194	,1414.687737500347,8664.828364152443
0.0195	,1415.5303285746438,8192.903846112744
0.0196	,1416.3270494558406,7746.148208776807
0.0197	,1417.0803914233618,7323.249901598247
0.0198	,1417.7925429881338,6923.056901087785
0.0199	,1418.465715684689,6544.395019314127
0.02	,1419.1019895164293,6186.155605154695
0.0201	,1419.7034676176568,5847.209338176848
0.0202	,1420.2720500936534,5526.534376148879
0.0203	,1420.8094464319727,5223.210351530205
0.0204	,1421.3172847913954,4936.357490349491
0.0205	,1421.7971416191879,4665.120436446877
0.0206	,1422.2506657497422,4408.59850460259
0.0207	,1422.679301574316,4166.002625012078
0.0208	,1423.0843893901867,3936.5991667452136
0.0209	,1423.4671084242348,3719.7426691908304
0.021	,1423.8286513471744,3514.777359850718
0.0211	,1424.1702943725663,3320.9975717239813
0.0212	,1424.493146209487,3137.7903248699517
0.0213	,1424.7982584384513,2964.5730519384056
0.0214	,1425.0864699618658,2800.8821887632475
0.0215	,1425.3586925974455,2646.2112518905506
0.0216	,1425.6158603135884,2500.0397335307844
0.0217	,1425.8588752675669,2361.863880718915
0.0218	,1426.0885503537943,2231.229516170537
0.0219	,1426.3054710227384,2107.8108459167997
0.022	,1426.5103332690458,1991.218344300576
0.0221	,1426.7038057207544,1881.077248146524
0.0222	,1426.8866315068587,1776.9696274480061
0.0223	,1427.0594304282617,1678.5470858454566
0.0224	,1427.2226503415905,1585.5586028166265
0.0225	,1427.3768179981257,1497.7077345024757
0.0226	,1427.5224299022404,1414.7148139444223
0.0227	,1427.6599957537467,1336.292237068013
0.0228	,1427.789932643832,1262.204821682256
0.0229	,1427.912665137565,1192.2128046776822
0.023	,1428.0285909735198,1126.091429040593
0.0231	,1428.138072974821,1063.6355941898323
0.0232	,1428.2414891133803,1004.6313251353632
0.0233	,1428.3391642659408,948.8947296077199
0.0234	,1428.4314167385974,896.2454817891256
0.0235	,1428.5185520320765,846.5103979743197
0.0236	,1428.600846212386,799.5329475663801
0.0237	,1428.6785839256456,755.151570068063
0.0238	,1428.7520210358734,713.2210168339265
0.0239	,1428.821396173403,673.6057743079795
0.024	,1428.8869344211464,636.1779718246979
0.0241	,1428.9488451315528,600.8186393565063
0.0242	,1429.0073349494508,567.4102791770989
0.0243	,1429.0625904558017,535.846787117845
0.0244	,1429.1147751380784,506.0351930421106
0.0245	,1429.164042580648,477.88813400959054
0.0246	,1429.210531530627,451.32667924300574
0.0247	,1429.2544967085992,426.2055905103621
0.0248	,1429.2960277506322,402.47391276255223
0.0249	,1429.335246426012,380.06230134959094
0.025	,1429.3722695318495,358.9042246313612
0.0251	,1429.407219307222,338.93001491584823
0.0252	,1429.4402602212995,320.0458434025152
0.0253	,1429.4714608698737,302.21265367236373
0.0254	,1429.5009152004473,285.3768830673489
0.0255	,1429.5287086515511,269.48981640969015
0.0256	,1429.5549563661446,254.48574371194954
0.0257	,1429.579763869526,240.3044373546501
0.0258	,1429.603187270319,226.9139067640398
0.0259	,1429.6252980447143,214.2733667941338
0.026	,1429.6461613680303,202.34562526778626
0.0261	,1429.6658782463053,191.07299619378338
0.0262	,1429.6845018508282,180.4251332653983
0.0263	,1429.7020850149906,170.3718772399942
0.0264	,1429.7186809270684,160.88286030023636
0.0265	,1429.7343424187663,151.92791326124538
0.0266	,1429.7491490174327,143.4615975627211
0.0267	,1429.7631306897667,135.46680831023602
0.0268	,1429.7763306573333,127.9188581834504
0.0269	,1429.7887883528108,120.79522311733989
0.027	,1429.8005480219795,114.07062377797824
0.0271	,1429.8116565787768,107.71825216217414
0.0272	,1429.8221431705158,101.72145751280802
0.0273	,1429.8320415652777,96.06094467785324
0.0274	,1429.8413836484558,90.71849323128211
0.0275	,1429.8502028457658,85.67500014212341
0.0276	,1429.8585290374751,80.91338834622987
0.0277	,1429.8663903929626,76.41755782121055
0.0278	,1429.8738148940413,72.17151456443925
0.0279	,1429.8808292875206,68.15996973485437
0.028	,1429.8874466590196,64.37544644024953
0.0281	,1429.8936949012812,60.80199870889854
0.0282	,1429.8995951477332,57.42754545259398
0.0283	,1429.9051675143157,54.2405868072426
0.0284	,1429.9104304688196,51.230564904467904
0.0285	,1429.9154004780733,48.38806574084424
0.0286	,1429.9200951699877,45.70301077201376
0.0287	,1429.9245305275424,43.166261800504415
0.0288	,1429.9287217909136,40.7691050748378
0.0289	,1429.9326807015054,38.50482759937568
0.029	,1429.9364193315234,36.36652689396748
0.0291	,1429.9399504321268,34.34691188441542
0.0292	,1429.9432850225774,32.439681811446
0.0293	,1429.9464333736266,30.63896381778078
0.0294	,1429.9494050532594,28.939286810449147
0.0295	,1429.9522089724403,27.3355553182052
0.0296	,1429.9548534308547,25.823023349572757
0.0297	,1429.957346162655,24.39726824504726
0.0298	,1429.9596961806958,23.05313585015349
0.0299	,1429.9619158794073,21.783537732922287
0.03	,1429.9640089759052,20.586348504458645
0.0301	,1429.965982728793,19.457417076893115
0.0302	,1429.9678442583386,18.392671405385254
0.0303	,1429.969600605088,17.3880849699138
0.0304	,1429.9712587884821,16.439643255105775
0.0305	,1429.9728258654716,15.543310229002042
0.0306	,1429.9743089891326,14.694994821507846
0.0307	,1429.9757154672818,13.890517402218288
0.0308	,1429.977032583749,13.137151645934404
0.0309	,1429.978274888141,12.4265757125801
0.031	,1429.979450177418,11.754330092072237
0.0311	,1429.980563932154,11.117280170125799
0.0312	,1429.9816217134426,10.512245247365433
0.0313	,1429.9826292020168,9.935976165426847
0.0314	,1429.9835922373745,9.385132929689174
0.0315	,1429.984516856902,8.85626233255258
0.0316	,1429.9854093349948,8.345775578173333
0.0317	,1429.9862557728195,7.861622715592694
0.0318	,1429.987046185499,7.409515084990032
0.0319	,1429.9878011787096,6.977666546406932
0.032	,1429.9885233130842,6.564612505532333
0.0321	,1429.9892150067503,6.1689698712204475
0.0322	,1429.9898785461594,5.789430862213325
0.0323	,1429.9905160969192,5.424756812043287
0.0324	,1429.991129714621,5.07377197694078
0.0325	,1429.9917213556707,4.735357340646942
0.0326	,1429.992291085418,4.40947555500305
0.0327	,1429.9928167984551,4.108770816712298
0.0328	,1429.9933142623374,3.824224223809568
0.0329	,1429.9937827757083,3.556236982532545
0.033	,1429.9942213431898,3.3053784769765815
0.0331	,1429.9946286753814,3.072386270320439
0.0332	,1429.99500318886,2.8581661047649063
0.0333	,1429.9953430061798,2.6637919018644114
0.0334	,1429.995645955873,2.4905057620680813
0.0335	,1429.9959095724498,2.3397179642351364
0.0336	,1429.9961752285658,2.187763500612346
0.0337	,1429.996437064843,2.0379939175723254
0.0338	,1429.9966792907314,1.8994413704717923
0.0339	,1429.9969026926321,1.7716560514217825
0.034	,1429.9971080349217,1.6542007488292152
0.0341	,1429.9972960599528,1.546650847399355
0.0342	,1429.997467488056,1.4485943273486157
0.0343	,1429.997623017538,1.3596317652992476
0.0344	,1429.9977633246824,1.2793763342552105
0.0345	,1429.9978902978269,1.2067479133255286
0.0346	,1429.9980074641562,1.1397289623851674
0.0347	,1429.9981132993335,1.0791914026893366
0.0348	,1429.998208721855,1.024609858455284
0.0349	,1429.9982946502191,0.9754589523031411
0.035	,1429.9983720029222,0.9312133074099762
0.0351	,1429.9984416984616,0.8913475460154962
0.0352	,1429.998504655335,0.8553362898718568
0.0353	,1429.9985617920386,0.8226541610768976
0.0354	,1429.99861402707,0.7927757808197082
0.0355	,1429.9986622789263,0.7651757704604808
0.0356	,1429.9987074661049,0.7393287507828071
0.0357	,1429.9987505071028,0.7147093426698597
0.0358	,1429.9987923204171,0.6907921669934798
0.0359	,1429.9988338245446,0.6670518444965149
0.036	,1429.998875937983,0.642962995278235
0.0361	,1429.9989195792293,0.6180002398336901
0.0362	,1429.9989656667804,0.5916381985256292
0.0363	,1429.9990151191341,0.56335149091961
0.0364	,1429.9990464753314,0.5454157696416578
0.0365	,1429.9990548831258,0.5406065174059257
0.0366	,1429.9990611133233,0.5370428490306959
0.0367	,1429.9990656008654,0.5344759781882911
0.0368	,1429.9990687806933,0.5326571189263094
0.0369	,1429.9990710877478,0.5313374854128144
0.037	,1429.9990729569706,0.530268291289842
0.0371	,1429.9990748233022,0.5292007509762556
0.0372	,1429.9990771216846,0.5278860778477071
0.0373	,1429.9990802870586,0.5260754861867539
0.0374	,1429.999084754365,0.5235201901401381
0.0375	,1429.9990909585456,0.5199714031947829
0.0376	,1429.999099334541,0.5151803397331967
0.0377	,1429.9991103172927,0.5088982133359246
0.0378	,1429.999124341742,0.5008762379437525
0.0379	,1429.9991418428297,0.4908656274577076
0.038	,1429.9991632554973,0.4786175955976611
0.0381	,1429.9991890146855,0.4638833562796462
0.0382	,1429.999219555336,0.4464141229512034
0.0383	,1429.9992400621873,0.4346842161265661
0.0384	,1429.9992556182049,0.4257861830377126
0.0385	,1429.999271697493,0.416588839321293
0.0386	,1429.9992883000514,0.4070921850871718
0.0387	,1429.99930542588,0.39729622031449885
0.0388	,1429.999323074979,0.38720094498176666
0.0389	,1429.9993412473482,0.37680635906681054
0.039	,1429.9993599429877,0.36611246254680874
0.0391	,1429.9993791618977,0.3551192552682248
0.0392	,1429.9993989040777,0.34382673746703796
0.0393	,1429.9994191695282,0.3322349088583397
0.0394	,1429.9994399582488,0.32034376967679495
0.0395	,1429.9994612702399,0.30815331963618103
0.0396	,1429.9994831055014,0.29566355870973315
0.0397	,1429.999505464033,0.28287448713014496
0.0398	,1429.999528345835,0.26978610473927983
0.0399	,1429.9995517509071,0.2563984115084017
0.04	,1429.999563400741,0.24973471040540846
0.0401	,1429.9995720455909,0.244789859037126
0.0402	,1429.9995806904408,0.23984500760905686
0.0403	,1429.9995893352907,0.23490015612120096
0.0404	,1429.9995979801406,0.22995530457355828
0.0405	,1429.9996066249905,0.2250104529661289
0.0406	,1429.9996152698404,0.22006560129891273
0.0407	,1429.9996239146903,0.21512074957190985
0.0408	,1429.9996325595403,0.21017589778512025
0.0409	,1429.9996412043902,0.20523104593854383
0.041	,1429.99964984924,0.20028619403218073
0.0411	,1429.99965849409,0.19534134206603085
0.0412	,1429.99966713894,0.19039649004009426
0.0413	,1429.9996757837898,0.18545163795437092
0.0414	,1429.9996844286397,0.1805067858088608
0.0415	,1429.9996930734897,0.17556193360356398
0.0416	,1429.9997017183396,0.17061708133848036
0.0417	,1429.9997103631893,0.16567222914366775
0.0418	,1429.9997190080392,0.1607273767590107
0.0419	,1429.999727652889,0.15578252431456685
0.042	,1429.999736297739,0.1508376718103363
0.0421	,1429.999744942589,0.145892819246319
0.0422	,1429.9997535874388,0.14094796662251494
0.0423	,1429.9997622322887,0.13600311393892417
0.0424	,1429.9997708771386,0.13105826119554662
0.0425	,1429.9997795219886,0.12611340839238236
0.0426	,1429.9997881668385,0.12116855552943134
0.0427	,1429.9997968116884,0.11622370260669355
0.0428	,1429.9998054565383,0.11127884962416905
0.0429	,1429.9998141013882,0.10633399658185778
0.043	,1429.9998227462381,0.1013891434797598
0.0431	,1429.999831391088,0.09644429031787506
0.0432	,1429.999840035938,0.09149943709620356
0.0433	,1429.9998486807879,0.08655458381474535
0.0434	,1429.999851748865,0.08479964397964998
0.0435	,1429.9998546946777,0.08311463942525896
0.0436	,1429.99985764049,0.08142963499398341
0.0437	,1429.9998605863025,0.07974463055576562
0.0438	,1429.9998635321151,0.07805962598054787
0.0439	,1429.9998664779275,0.07637462152844558
0.044	,1429.99986942374,0.07468961706940105
0.0441	,1429.9998723695523,0.07300461260341427
0.0442	,1429.999875315365,0.07131960800042751
0.0443	,1429.9998782611774,0.06963460352055623
0.0444	,1429.9998812069898,0.0679495990337427
0.0445	,1429.9998841528025,0.0662645944099292
0.0446	,1429.9998870986149,0.06457958990923117
0.0447	,1429.9998900444273,0.0628945854015909
0.0448	,1429.9998929902397,0.061209580887008376
0.0449	,1429.9998959360523,0.059524576235425876
0.045	,1429.9998988818647,0.05783957170695885
0.0451	,1429.9999018276771,0.05615456717154958
0.0452	,1429.9999047734898,0.05446956249914032
0.0453	,1429.9999077193022,0.05278455794984655
0.0454	,1429.9999106651146,0.05109955339361054
0.0455	,1429.9999136109273,0.04941454870037454
0.0456	,1429.9999165567397,0.04772954413025403
0.0457	,1429.999919502552,0.04604453955319126
0.0458	,1429.9999224483645,0.04435953496918625
0.0459	,1429.9999253941771,0.042674530248181256
0.046	,1429.9999283399895,0.04098952565029175
0.0461	,1429.999931285802,0.039304521045459985
0.0462	,1429.9999342316146,0.037619516303628246
0.0463	,1429.999937177427,0.03593451168491199
0.0464	,1429.9999401232394,0.03424950705925348
0.0465	,1429.9999430690518,0.03256450242665273
0.0466	,1429.9999460148645,0.03087949765705199
0.0467	,1429.999948594474,0.02940396101285589
0.0468	,1429.9999491994563,0.02905791118567973
0.0469	,1429.9999498044388,0.02871186122815303
0.047	,1429.9999504094212,0.028365811270333528
0.0471	,1429.9999510144035,0.02801976144227896
0.0472	,1429.999951619386,0.027673711483873847
0.0473	,1429.9999522243684,0.027327661525175934
0.0474	,1429.9999528293506,0.026981611696242958
0.0475	,1429.999953434333,0.02663556173695944
0.0476	,1429.9999540393155,0.02628951177738312
0.0477	,1429.9999546442978,0.025943461947571734
0.0478	,1429.9999552492802,0.025597411987409807
0.0479	,1429.9999558542627,0.025251362026955073
0.048	,1429.999956459245,0.02490531219626528
0.0481	,1429.9999570642274,0.024559262235224946
0.0482	,1429.9999576692098,0.024213212273891806
0.0483	,1429.999958274192,0.023867162442323602
0.0484	,1429.9999588791745,0.02352111248040486
0.0485	,1429.999959484157,0.02317506251819331
0.0486	,1429.9999600891392,0.0228290126857467
0.0487	,1429.9999606941217,0.022482962722949543
0.0488	,1429.9999612991041,0.022136912759859587
0.0489	,1429.9999619040864,0.021790862926534565
0.049	,1429.9999625090688,0.021444812962859005
0.0491	,1429.9999631140513,0.021098762998890637
0.0492	,1429.9999637190335,0.02075271316468721
0.0493	,1429.999964324016,0.02040666320013324
0.0494	,1429.9999649289985,0.020060613235286462
0.0495	,1429.9999655339807,0.019714563400204624
0.0496	,1429.9999661389631,0.019368513434772243
0.0497	,1429.9999667439456,0.019022463469047058
0.0498	,1429.9999673489278,0.018676413633086815
0.0499	,1429.9999679539103,0.018330363666776026
0.05	,1429.9999685588928,0.017984313700172432
0.0501	,1429.999969163875,0.017638263863333777
0.0502	,1429.9999697688575,0.017292213896144576
0.0503	,1429.99997037384,0.016946163928662574
0.0504	,1429.9999709788221,0.01660011409094551
0.0505	,1429.9999715838046,0.016254064122877904
0.0506	,1429.999972188787,0.015908014154517494
0.0507	,1429.9999727937693,0.015561964315922022
0.0508	,1429.9999733987518,0.015215914346976006
0.0509	,1429.9999740037342,0.014869864377737184
0.051	,1429.9999746087165,0.014523814538263303
0.0511	,1429.999975213699,0.014177764568438878
0.0512	,1429.9999758186814,0.01383171459832165
0.0513	,1429.9999764236636,0.01348566475796936
0.0514	,1429.999977028646,0.013139614787266525
0.0515	,1429.9999776336285,0.012793564816270888
0.0516	,1429.9999782386108,0.01244751497504019
0.0517	,1429.9999788435932,0.012101465003458945
0.0518	,1429.9999794485757,0.0117554150315849
0.0519	,1429.999980053558,0.011409365189475794
0.052	,1429.9999806585404,0.01106331521701614
0.0521	,1429.9999812635228,0.010717265244263686
0.0522	,1429.999981868505,0.01037121540127617
0.0523	,1429.9999824734875,0.01002516542793811
0.0524	,1429.99998307847,0.009679115454307243
0.0525	,1429.9999836834522,0.00933306561044132
0.0526	,1429.9999842884347,0.00898701563622485
0.0527	,1429.9999848934171,0.008640965661715575
0.0528	,1429.9999854983994,0.008294915816971244
0.0529	,1429.9999861033818,0.007948865841876365
0.053	,1429.9999867083643,0.007602815866488682
0.0531	,1429.9999873133465,0.007256766020865941
0.0532	,1429.999987918329,0.006910716044892652
0.0533	,1429.9999885233115,0.00656466606862656
0.0534	,1429.9999891282937,0.0062186162221254115
0.0535	,1429.9999894588477,0.006029539311651736
0.0536	,1429.9999895280796,0.005989938678891567
0.0537	,1429.9999895973115,0.005950338046127563
0.0538	,1429.9999896665433,0.005910737413359725
0.0539	,1429.9999897357752,0.005871136780588052
0.054	,1429.999989805007,0.005831536147812545
0.0541	,1429.999989874239,0.005791935515033203
0.0542	,1429.9999899434708,0.005752334882250027
0.0543	,1429.9999900127027,0.005712734249463017
0.0544	,1429.9999900819346,0.005673133616672172
0.0545	,1429.9999901511662,0.0056335331139352384
0.0546	,1429.999990220398,0.0055939324811367245
0.0547	,1429.99999028963,0.005554331848334376
0.0548	,1429.9999903588619,0.0055147312155281935
0.0549	,1429.9999904280937,0.005475130582718177
0.055	,1429.9999904973256,0.005435529949904325
0.0551	,1429.9999905665575,0.005395929317086639
0.0552	,1429.9999906357893,0.005356328684265118
0.0553	,1429.9999907050212,0.005316728051439764
0.0554	,1429.999990774253,0.005277127418610574
0.0555	,1429.9999908434847,0.005237526915835296
0.0556	,1429.9999909127166,0.0051979262829984375
0.0557	,1429.9999909819485,0.005158325650157745
0.0558	,1429.9999910511804,0.005118725017313218
0.0559	,1429.9999911204122,0.005079124384464857
0.056	,1429.999991189644,0.005039523751612661
0.0561	,1429.999991258876,0.00499992311875663
0.0562	,1429.9999913281079,0.004960322485896765
0.0563	,1429.9999913973397,0.004920721853033066
0.0564	,1429.9999914665716,0.004881121220165532
0.0565	,1429.9999915358035,0.004841520587294164
0.0566	,1429.9999916050351,0.004801920084476707
0.0567	,1429.999991674267,0.00476231945159767
0.0568	,1429.9999917434989,0.004722718818714799
0.0569	,1429.9999918127307,0.0046831181858280925
0.057	,1429.9999918819626,0.004643517552937552
0.0571	,1429.9999919511945,0.0046039169200431775
0.0572	,1429.9999920204264,0.004564316287144968
0.0573	,1429.9999920896582,0.004524715654242925
0.0574	,1429.99999215889,0.004485115021337046
0.0575	,1429.999992228122,0.004445514388427334
0.0576	,1429.9999922973536,0.004405913885571534
0.0577	,1429.9999923665855,0.004366313252654152
0.0578	,1429.9999924358174,0.004326712619732937
0.0579	,1429.9999925050492,0.004287111986807886
0.058	,1429.9999925742811,0.0042475113538790014
0.0581	,1429.999992643513,0.004207910720946282
0.0582	,1429.9999927127449,0.004168310088009729
0.0583	,1429.9999927819767,0.00412870945506934
0.0584	,1429.9999928512086,0.004089108822125118
0.0585	,1429.9999929204405,0.004049508189177061
0.0586	,1429.9999929896721,0.004009907686282916
0.0587	,1429.999993058904,0.00397030705332719
0.0588	,1429.9999931281359,0.0039307064203676296
0.0589	,1429.9999931973678,0.003891105787404235
0.059	,1429.9999932665996,0.0038515051544370056
0.0591	,1429.9999933358315,0.0038119045214659417
0.0592	,1429.9999934050634,0.0037723038884910436
0.0593	,1429.9999934742953,0.0037327032555123114
0.0594	,1429.9999935435271,0.003693102622529744
0.0595	,1429.999993612759,0.0036535019895433426
0.0596	,1429.9999936819906,0.0036139014866108533
0.0597	,1429.9999937512225,0.003574300853616783
0.0598	,1429.9999938204544,0.0035347002206188786
0.0599	,1429.9999938896863,0.003495099587617139
0.06	,1429.9999939589181,0.0034554989546115656
0.0601	,1429.99999402815,0.0034158983216021578
0.0602	,1429.999994097382,0.003376297688588915
0.0603	,1429.9999941666138,0.003336697055571838
0.0604	,1429.9999942358456,0.0032970964225509268
0.0605	,1429.9999943050775,0.003257495789526181
0.0606	,1429.9999943743094,0.0032178951564976006
0.0607	,1429.999994443541,0.0031782946535229327
0.0608	,1429.999994512773,0.0031386940204866836
0.0609	,1429.9999945820048,0.0030990933874466
0.061	,1429.9999946512366,0.003059492754402682
0.0611	,1429.9999947204685,0.0030198921213549293
0.0612	,1429.9999947897004,0.0029802914883033426
0.0613	,1429.9999948589323,0.0029406908552479212
0.0614	,1429.9999949281641,0.0029010902221886653
0.0615	,1429.999994997396,0.002861489589125575
0.0616	,1429.999995066628,0.0028218889560586505
0.0617	,1429.9999951358595,0.0027822884530456383
0.0618	,1429.9999952050914,0.002742687819971045
0.0619	,1429.9999952743233,0.0027030871868926167
0.062	,1429.9999953435552,0.0026634865538103544
0.0621	,1429.999995412787,0.0026238859207242575
0.0622	,1429.999995482019,0.002584285287634326
0.0623	,1429.9999955512508,0.0025446846545405604
0.0624	,1429.9999956204827,0.00250508402144296
0.0625	,1429.9999956897145,0.0024654833883415257
0.0626	,1429.9999957589464,0.0024258827552362566
0.0627	,1429.999995828178,0.0023862822521849006
0.0628	,1429.99999589741,0.0023466816190719623
0.0629	,1429.9999959666418,0.00230708098595519
0.063	,1429.9999960358737,0.0022674803528345833
0.0631	,1429.9999961051055,0.002227879719710142
0.0632	,1429.9999961743374,0.0021882790865818662
0.0633	,1429.9999962435693,0.002148678453449756
0.0634	,1429.9999963128012,0.0021090778203138112
0.0635	,1429.999996382033,0.0020694771871740325
0.0636	,1429.999996451265,0.0020298765540304187
0.0637	,1429.9999965204966,0.0019902760509407182
0.0638	,1429.9999965897284,0.0019506754177894357
0.0639	,1429.9999966589603,0.001911074784634319
0.064	,1429.9999967281922,0.0018714741514753675
0.0641	,1429.999996797424,0.001831873518312582
0.0642	,1429.999996866656,0.0017922728851459619
0.0643	,1429.9999969358878,0.0017526722519755073
0.0644	,1429.9999970051197,0.0017130716188012182
0.0645	,1429.9999970743515,0.001673470985623095
0.0646	,1429.9999971435834,0.001633870352441137
0.0647	,1429.999997212815,0.0015942698493130918
0.0648	,1429.999997282047,0.001554669216123465
0.0649	,1429.9999973512788,0.0015150685829300038
0.065	,1429.9999974205107,0.0014754679497327081
0.0651	,1429.9999974897426,0.001435867316531578
0.0652	,1429.9999975589744,0.0013962666833266136
0.0653	,1429.9999976282063,0.0013566660501178147
0.0654	,1429.9999976974382,0.0013170654169051812
0.0655	,1429.99999776667,0.0012774647836887134
0.0656	,1429.999997835902,0.0012378641504684111
0.0657	,1429.9999979051338,0.0011982635172442743
0.0658	,1429.9999979743654,0.0011586630140740506
0.0659	,1429.9999980435973,0.001119062380842245
0.066	,1429.9999981128292,0.001079461747606605
0.0661	,1429.999998182061,0.0010398611143671303
0.0662	,1429.999998251293,0.0010002604811238216
0.0663	,1429.9999983205248,9.60659847876678e-4
0.0664	,1429.9999983897567,9.210592146257002e-4
0.0665	,1429.9999984589886,8.814585813708881e-4
0.0666	,1429.9999985282204,8.418579481122413e-4
0.0667	,1429.9999985974523,8.022573148497602e-4
0.0668	,1429.999998666684,7.626568116411921e-4
0.0669	,1429.9999987359158,7.230561783710421e-4
0.067	,1429.9999987905933,6.917806715781584e-4
0.0671	,1429.999998794795,6.893773344604264e-4
0.0672	,1429.9999987989968,6.869738672849326e-4
0.0673	,1429.9999988031984,6.845705301671723e-4
0.0674	,1429.9999988074003,6.821670629916503e-4
0.0675	,1429.999998811602,6.797637258738618e-4
0.0676	,1429.9999988158036,6.77360388756059e-4
0.0677	,1429.9999988200054,6.749569215804946e-4
0.0678	,1429.999998824207,6.725535844626639e-4
0.0679	,1429.9999988284087,6.701502473448188e-4
0.068	,1429.9999988326106,6.677467801692121e-4
0.0681	,1429.9999988368122,6.653434430513388e-4
0.0682	,1429.999998841014,6.629399758757038e-4
0.0683	,1429.9999988452157,6.605366387578022e-4
0.0684	,1429.9999988494174,6.581333016398866e-4
0.0685	,1429.9999988536192,6.557298344642092e-4
0.0686	,1429.9999988578209,6.533264973462654e-4
0.0687	,1429.9999988620227,6.509230301705597e-4
0.0688	,1429.9999988662244,6.485196930525876e-4
0.0689	,1429.999998870426,6.461163559346013e-4
0.069	,1429.9999988746279,6.437128887588534e-4
0.0691	,1429.9999988788295,6.413095516408388e-4
0.0692	,1429.9999988830314,6.389060844650625e-4
0.0693	,1429.999998887233,6.365027473470197e-4
0.0694	,1429.9999988914346,6.340994102289629e-4
0.0695	,1429.9999988956365,6.316959430531444e-4
0.0696	,1429.9999988998381,6.292926059350592e-4
0.0697	,1429.99999890404,6.268891387592124e-4
0.0698	,1429.9999989082417,6.244858016410989e-4
0.0699	,1429.9999989124433,6.220824645229715e-4
0.07	,1429.9999989166452,6.196789973470822e-4
0.0701	,1429.9999989208468,6.172756602289265e-4
0.0702	,1429.9999989250487,6.148721930530089e-4
0.0703	,1429.9999989292503,6.124688559348251e-4
0.0704	,1429.999998933452,6.100655188166269e-4
0.0705	,1429.9999989376538,6.07662051640667e-4
0.0706	,1429.9999989418554,6.052587145224407e-4
0.0707	,1429.9999989460573,6.028552473464526e-4
0.0708	,1429.999998950259,6.004519102281979e-4
0.0709	,1429.9999989544606,5.980485731099292e-4
0.071	,1429.9999989586624,5.956451059338987e-4
0.0711	,1429.999998962864,5.932417688156019e-4
0.0712	,1429.9999989670657,5.908384316972908e-4
0.0713	,1429.9999989712676,5.884349645212179e-4
0.0714	,1429.9999989754692,5.860316274028786e-4
0.0715	,1429.999998979671,5.836281602267774e-4
0.0716	,1429.9999989838727,5.812248231084097e-4
0.0717	,1429.9999989880744,5.78821485990028e-4
0.0718	,1429.9999989922762,5.764180188138846e-4
0.0719	,1429.9999989964779,5.740146816954748e-4
0.072	,1429.9999990006797,5.71611214519303e-4
0.0721	,1429.9999990048814,5.692078774008648e-4
0.0722	,1429.999999009083,5.668045402824124e-4
0.0723	,1429.9999990132849,5.644010731061984e-4
0.0724	,1429.9999990174865,5.619977359877178e-4
0.0725	,1429.9999990216884,5.595942688114754e-4
0.0726	,1429.99999902589,5.571909316929665e-4
0.0727	,1429.9999990300917,5.547875945744437e-4
0.0728	,1429.9999990342935,5.52384127398159e-4
0.0729	,1429.9999990384952,5.499807902796077e-4
0.073	,1429.999999042697,5.475773231032948e-4
0.0731	,1429.9999990468987,5.451739859847153e-4
0.0732	,1429.9999990511003,5.427706488661218e-4
0.0733	,1429.9999990553022,5.403671816897665e-4
0.0734	,1429.9999990595038,5.379638445711446e-4
0.0735	,1429.9999990637057,5.35560377394761e-4
0.0736	,1429.9999990679073,5.33157040276111e-4
0.0737	,1429.999999072109,5.307537031574469e-4
0.0738	,1429.9999990763108,5.283502359810209e-4
0.0739	,1429.9999990805125,5.259468988623284e-4
0.074	,1429.9999990847143,5.235434316858742e-4
0.0741	,1429.999999088916,5.211400945671536e-4
0.0742	,1429.9999990931176,5.187367574484188e-4
0.0743	,1429.9999990973195,5.163332902719222e-4
0.0744	,1429.999999101521,5.139299531531593e-4
0.0745	,1429.9999991057227,5.11526616034382e-4
0.0746	,1429.9999991099246,5.09123148857843e-4
0.0747	,1429.9999991141262,5.067198117390376e-4
0.0748	,1429.999999118328,5.043163445624704e-4
0.0749	,1429.9999991225297,5.019130074436367e-4
0.075	,1429.9999991267314,4.995096703247889e-4
0.0751	,1429.9999991309332,4.971062031481795e-4
0.0752	,1429.9999991351349,4.947028660293035e-4
0.0753	,1429.9999991393368,4.922993988526656e-4
0.0754	,1429.9999991435384,4.898960617337613e-4
0.0755	,1429.99999914774,4.874927246148429e-4
0.0756	,1429.999999151942,4.8508925743816276e-4
0.0757	,1429.9999991561435,4.826859203192161e-4
0.0758	,1429.9999991603454,4.802824531425077e-4
0.0759	,1429.999999164547,4.7787911602353275e-4
0.076	,1429.9999991687487,4.754757789045438e-4
0.0761	,1429.9999991729505,4.73072311727793e-4
0.0762	,1429.9999991771522,4.706689746087757e-4
0.0763	,1429.999999181354,4.6826550743199664e-4
0.0764	,1429.9999991855557,4.658621703129511e-4
0.0765	,1429.9999991897573,4.6345883319389146e-4
0.0766	,1429.9999991939592,4.6105536601707004e-4
0.0767	,1429.9999991981608,4.5865202889798214e-4
0.0768	,1429.9999992023627,4.5624856172113247e-4
0.0769	,1429.9999992065643,4.5384522460201643e-4
0.077	,1429.999999210766,4.514418874828862e-4
0.0771	,1429.9999992149678,4.4903842030599413e-4
0.0772	,1429.9999992191695,4.466350831868356e-4
0.0773	,1429.999999223371,4.4423174606766295e-4
0.0774	,1429.999999227573,4.4182827889072856e-4
0.0775	,1429.9999992317746,4.394249417715277e-4
0.0776	,1429.9999992359765,4.37021474594565e-4
0.0777	,1429.999999240178,4.3461813747533597e-4
0.0778	,1429.9999992443798,4.322148003560927e-4
0.0779	,1429.9999992485816,4.2981133317908767e-4
0.078	,1429.9999992527833,4.2740799605981615e-4
0.0781	,1429.9999992569851,4.250045288827829e-4
0.0782	,1429.9999992611868,4.226011917634831e-4
0.0783	,1429.9999992653884,4.2019785464416927e-4
0.0784	,1429.9999992695903,4.177943874670936e-4
0.0785	,1429.999999273792,4.1539105034775156e-4
0.0786	,1429.9999992779938,4.129875831706477e-4
0.0787	,1429.9999992821954,4.105842460512773e-4
0.0788	,1429.999999286397,4.081809089318928e-4
0.0789	,1429.999999290599,4.0577744175474657e-4
0.079	,1429.9999992948005,4.0337410463533384e-4
0.0791	,1429.9999992990024,4.009706374581593e-4
0.0792	,1429.999999303204,3.985673003387183e-4
0.0793	,1429.9999993074057,3.961639632192633e-4
0.0794	,1429.9999993116076,3.937604960420464e-4
0.0795	,1429.9999993158092,3.9135715892256304e-4
0.0796	,1429.999999320011,3.889536917453179e-4
0.0797	,1429.9999993242127,3.865503546258063e-4
0.0798	,1429.9999993284143,3.841470175062806e-4
0.0799	,1429.9999993326162,3.817435503289931e-4
0.08	,1429.9999993368178,3.793402132094391e-4
0.0801	,1429.9999993410197,3.769367460321233e-4
0.0802	,1429.9999993452213,3.745334089125412e-4
0.0803	,1429.999999349423,3.721300717929449e-4
0.0804	,1429.9999993536248,3.697266046155867e-4
0.0805	,1429.9999993578265,3.6732326749596214e-4
0.0806	,1429.9999993620281,3.6491993037632346e-4
0.0807	,1429.99999936623,3.625164631989229e-4
0.0808	,1429.9999993704316,3.60113126079256e-4
0.0809	,1429.9999993746335,3.577096589018272e-4
0.081	,1429.9999993788351,3.553063217821321e-4
0.0811	,1429.9999993830368,3.5290298466242277e-4
0.0812	,1429.9999993872386,3.5049951748495164e-4
0.0813	,1429.9999993914403,3.480961803652141e-4
0.0814	,1429.9999993956421,3.456927131877147e-4
0.0815	,1429.9999993998438,3.432893760679489e-4
0.0816	,1429.9999994040454,3.4088603894816895e-4
0.0817	,1429.9999994082473,3.384825717706272e-4
0.0818	,1429.999999412449,3.360792346508191e-4
0.0819	,1429.9999994166508,3.336757674732491e-4
0.082	,1429.9999994208524,3.3127243035341265e-4
0.0821	,1429.999999425054,3.288690932335621e-4
0.0822	,1429.999999429256,3.264656260559497e-4
0.0823	,1429.9999994334576,3.2406228893607094e-4
0.0824	,1429.9999994376594,3.216588217584303e-4
0.0825	,1429.999999441861,3.192554846385233e-4
0.0826	,1429.9999994460627,3.1685214751860216e-4
0.0827	,1429.9999994502646,3.144486803409192e-4
0.0828	,1429.9999994544662,3.1204534322096976e-4
0.0829	,1429.999999458668,3.0964187604325854e-4
0.083	,1429.9999994628697,3.072385389232809e-4
0.0831	,1429.9999994670713,3.048352018032891e-4
0.0832	,1429.9999994712732,3.0243173462553546e-4
0.0833	,1429.9999994754749,3.000283975055154e-4
0.0834	,1429.9999994796767,2.9762493032773355e-4
0.0835	,1429.9999994838784,2.9522159320768536e-4
0.0836	,1429.99999948808,2.928182560876229e-4
0.0837	,1429.9999994922819,2.904147889097987e-4
0.0838	,1429.9999994964835,2.880114517897081e-4
0.0839	,1429.9999995006851,2.856081146696033e-4
0.084	,1429.999999504887,2.8320464749173667e-4
0.0841	,1429.9999995090886,2.808013103716037e-4
0.0842	,1429.9999995132905,2.783978431937088e-4
0.0843	,1429.9999995174921,2.759945060735476e-4
0.0844	,1429.9999995216938,2.7359116895337224e-4
0.0845	,1429.9999995258956,2.71187701775435e-4
0.0846	,1429.9999995300973,2.6878436465523135e-4
0.0847	,1429.9999995342991,2.663808974772659e-4
0.0848	,1429.9999995385008,2.6397756035703403e-4
0.0849	,1429.9999995427024,2.6157422323678804e-4
0.085	,1429.9999995469043,2.5917075605878017e-4
0.0851	,1429.999999551106,2.56767418938506e-4
0.0852	,1429.9999995553078,2.543639517604699e-4
0.0853	,1429.9999995595094,2.519606146401674e-4
0.0854	,1429.999999563711,2.4955727751985076e-4
0.0855	,1429.999999567913,2.471538103417723e-4
0.0856	,1429.9999995721146,2.4475047322142744e-4
0.0857	,1429.9999995763164,2.4234700604332073e-4
0.0858	,1429.999999580518,2.399436689229476e-4
0.0859	,1429.9999995847197,2.3754033180256042e-4
0.086	,1429.9999995889216,2.3513686462441134e-4
0.0861	,1429.9999995931232,2.3273352750399586e-4
0.0862	,1429.999999597325,2.3033006032581853e-4
0.0863	,1429.9999996015267,2.279267232053748e-4
0.0864	,1429.9999996057284,2.2552338608491696e-4
0.0865	,1429.9999996099302,2.2311991890669724e-4
0.0866	,1429.9999996141319,2.2071658178621115e-4
0.0867	,1429.9999996183337,2.1831311460796318e-4
0.0868	,1429.9999996225354,2.1590977748744888e-4
0.0869	,1429.999999626737,2.1350644036692042e-4
0.087	,1429.9999996309389,2.111029731886301e-4
0.0871	,1429.9999996351405,2.086996360680734e-4
0.0872	,1429.9999996393421,2.0629629894750254e-4
0.0873	,1429.999999643544,2.0389283176916985e-4
0.0874	,1429.9999996477457,2.0148949464857076e-4
0.0875	,1429.9999996519475,1.9908602747020982e-4
0.0876	,1429.9999996561492,1.966826903495825e-4
0.0877	,1429.9999996603508,1.9427935322894108e-4
0.0878	,1429.9999996645527,1.9187588605053775e-4
0.0879	,1429.9999996687543,1.8947254892986805e-4
0.088	,1429.9999996729562,1.8706908175143648e-4
0.0881	,1429.9999996771578,1.8466574463073853e-4
0.0882	,1429.9999996813594,1.8226240751002647e-4
0.0883	,1429.9999996855613,1.7985894033155253e-4
0.0884	,1429.999999689763,1.7745560321081225e-4
0.0885	,1429.9999996939648,1.7505213603231007e-4
0.0886	,1429.9999996981664,1.726487989115415e-4
0.0887	,1429.999999702368,1.702454617907588e-4
0.0888	,1429.99999970657,1.6784199461221427e-4
0.0889	,1429.9999997107716,1.6543865749140332e-4
0.089	,1429.9999997149735,1.630351903128305e-4
0.0891	,1429.999999719175,1.6063185319199134e-4
0.0892	,1429.9999997233767,1.5822851607113806e-4
0.0893	,1429.9999997275786,1.5582504889252288e-4
0.0894	,1429.9999997317802,1.5342171177164135e-4
0.0895	,1429.999999735982,1.5101824459299792e-4
0.0896	,1429.9999997401837,1.4861490747208813e-4
0.0897	,1429.9999997443854,1.462115703511642e-4
0.0898	,1429.9999997485872,1.438081031724784e-4
0.0899	,1429.9999997527889,1.4140476605152623e-4
0.09	,1429.9999997569907,1.390012988728122e-4
0.0901	,1429.9999997611924,1.365979617518318e-4
0.0902	,1429.999999765394,1.3419462463083728e-4
0.0903	,1429.999999769596,1.3179115745208086e-4
0.0904	,1429.9999997737975,1.2938782033105806e-4
0.0905	,1429.9999997779992,1.2698448321002117e-4
0.0906	,1429.999999782201,1.2458101603122238e-4
0.0907	,1429.9999997864027,1.2217767891015724e-4
0.0908	,1429.9999997906045,1.1977421173133019e-4
0.0909	,1429.9999997948062,1.1737087461023681e-4
0.091	,1429.9999997990078,1.149675374891293e-4
0.0911	,1429.9999998032097,1.1256407031025988e-4
0.0912	,1429.9999998074113,1.1016073318912412e-4
0.0913	,1429.9999998116132,1.0775726601022645e-4
0.0914	,1429.9999998158148,1.0535392888906245e-4
0.0915	,1429.9999998200165,1.0295059176788431e-4
0.0916	,1429.9999998242183,1.0054712458894428e-4
0.0917	,1429.99999982842,9.814378746773791e-5
0.0918	,1429.9999998326218,9.574032028876963e-5
0.0919	,1429.9999998368235,9.3336983167535e-5
0.092	,1429.999999841025,9.093364604628626e-5
0.0921	,1429.999999845227,8.85301788672756e-5
0.0922	,1429.9999998494286,8.61268417459986e-5
0.0923	,1429.9999998536305,8.37233745669597e-5
0.0924	,1429.999999857832,8.132003744565445e-5
0.0925	,1429.9999998620337,7.89167003243351e-5
0.0926	,1429.9999998662356,7.651323314525383e-5
0.0927	,1429.9999998704373,7.410989602390621e-5
0.0928	,1429.9999998746391,7.170642884479669e-5
0.0929	,1429.9999998788408,6.930309172342083e-5
0.093	,1429.9999998830424,6.689975460203084e-5
0.0931	,1429.9999998872443,6.449628742287895e-5
0.0932	,1429.999999891446,6.209295030146072e-5
0.0933	,1429.9999998956475,5.9689613180028383e-5
0.0934	,1429.9999998998494,5.728614600083412e-5
0.0935	,1429.999999904051,5.4882808879373517e-5
0.0936	,1429.999999908253,5.2479341700151e-5
0.0937	,1429.9999999124545,5.0076004578662156e-5
0.0938	,1429.9999999166562,4.7672667457159184e-5
0.0939	,1429.999999920858,4.5269200277894295e-5
0.094	,1429.9999999250597,4.286586315636308e-5
0.0941	,1429.999999926628,4.1968724812059325e-5
0.0942	,1429.9999999267598,4.189342137608477e-5
0.0943	,1429.9999999268912,4.1818247997857986e-5
0.0944	,1429.9999999270226,4.1743074619631204e-5
0.0945	,1429.9999999271542,4.1667771183656606e-5
0.0946	,1429.9999999272857,4.159259780542979e-5
0.0947	,1429.999999927417,4.151742442720297e-5
0.0948	,1429.9999999275487,4.144212099122832e-5
0.0949	,1429.9999999276802,4.136694761300146e-5
0.095	,1429.9999999278116,4.1291774234774594e-5
0.0951	,1429.9999999279432,4.1216470798799915e-5
0.0952	,1429.9999999280747,4.114129742057301e-5
0.0953	,1429.999999928206,4.1066124042346106e-5
0.0954	,1429.9999999283377,4.099082060637138e-5
0.0955	,1429.9999999284692,4.0915647228144435e-5
0.0956	,1429.9999999286006,4.084047384991748e-5
0.0957	,1429.999999928732,4.076530047169052e-5
0.0958	,1429.9999999288636,4.068999703571574e-5
0.0959	,1429.999999928995,4.0614823657488745e-5
0.096	,1429.9999999291265,4.053965027926173e-5
0.0961	,1429.9999999292581,4.046434684328691e-5
0.0962	,1429.9999999293896,4.038917346505988e-5
0.0963	,1429.999999929521,4.0314000086832824e-5
0.0964	,1429.9999999296526,4.023869665085796e-5
0.0965	,1429.999999929784,4.016352327263089e-5
0.0966	,1429.9999999299155,4.0088349894403794e-5
0.0967	,1429.9999999300471,4.001304645842889e-5
0.0968	,1429.9999999301785,3.993787308020178e-5
0.0969	,1429.99999993031,3.9862699701974636e-5
0.097	,1429.9999999304416,3.978739626599969e-5
0.0971	,1429.999999930573,3.971222288777254e-5
0.0972	,1429.9999999307045,3.9637049509545355e-5
0.0973	,1429.999999930836,3.956174607357037e-5
0.0974	,1429.9999999309675,3.948657269534317e-5
0.0975	,1429.999999931099,3.941139931711595e-5
0.0976	,1429.9999999312304,3.933622593888873e-5
0.0977	,1429.999999931362,3.9260922502913685e-5
0.0978	,1429.9999999314934,3.918574912468642e-5
0.0979	,1429.9999999316249,3.911057574645916e-5
0.098	,1429.9999999317565,3.903527231048407e-5
0.0981	,1429.999999931888,3.896009893225677e-5
0.0982	,1429.9999999320194,3.888492555402946e-5
0.0983	,1429.999999932151,3.880962211805433e-5
0.0984	,1429.9999999322824,3.8734448739826987e-5
0.0985	,1429.9999999324139,3.865927536159964e-5
0.0986	,1429.9999999325455,3.8583971925624475e-5
0.0987	,1429.999999932677,3.850879854739709e-5
0.0988	,1429.9999999328084,3.84336251691697e-5
0.0989	,1429.99999993294,3.835832173319448e-5
0.099	,1429.9999999330714,3.828314835496706e-5
0.0991	,1429.9999999332028,3.8207974976739624e-5
0.0992	,1429.9999999333343,3.813280159851217e-5
0.0993	,1429.999999933466,3.805749816253691e-5
0.0994	,1429.9999999335973,3.7982324784309435e-5
0.0995	,1429.9999999337288,3.7907151406081935e-5
0.0996	,1429.9999999338604,3.783184797010663e-5
0.0997	,1429.9999999339918,3.775667459187911e-5
0.0998	,1429.9999999341233,3.768150121365158e-5
0.0999	,1429.999999934255,3.760619777767623e-5
0.1	,1429.9999999343863,3.753102439944867e-5
0.1001	,1429.9999999345177,3.745585102122109e-5
0.1002	,1429.9999999346494,3.7380547585245706e-5
0.1003	,1429.9999999347808,3.7305374207018104e-5
0.1004	,1429.9999999349122,3.723020082879048e-5
0.1005	,1429.999999935044,3.715489739281505e-5
0.1006	,1429.9999999351753,3.7079724014587414e-5
0.1007	,1429.9999999353067,3.700455063635975e-5
0.1008	,1429.9999999354382,3.6929377258132074e-5
0.1009	,1429.9999999355698,3.6854073822156595e-5
0.101	,1429.9999999357012,3.677890044392889e-5
0.1011	,1429.9999999358326,3.6703727065701174e-5
0.1012	,1429.9999999359643,3.6628423629725655e-5
0.1013	,1429.9999999360957,3.655325025149791e-5
0.1014	,1429.9999999362271,3.647807687327015e-5
0.1015	,1429.9999999363588,3.640277343729459e-5
0.1016	,1429.9999999364902,3.632760005906681e-5
0.1017	,1429.9999999366216,3.625242668083901e-5
0.1018	,1429.9999999367533,3.61771232448634e-5
0.1019	,1429.9999999368847,3.6101949866635575e-5
0.102	,1429.9999999370161,3.6026776488407735e-5
0.1021	,1429.9999999371478,3.595147305243209e-5
0.1022	,1429.9999999372792,3.587629967420422e-5
0.1023	,1429.9999999374106,3.5801126295976334e-5
0.1024	,1429.9999999375423,3.5725822860000645e-5
0.1025	,1429.9999999376737,3.565064948177274e-5
0.1026	,1429.9999999378051,3.557547610354482e-5
0.1027	,1429.9999999379365,3.550030272531688e-5
0.1028	,1429.9999999380682,3.542499928934113e-5
0.1029	,1429.9999999381996,3.5349825911113165e-5
0.103	,1429.999999938331,3.52746525328852e-5
0.1031	,1429.9999999384627,3.5199349096909406e-5
0.1032	,1429.999999938594,3.51241757186814e-5
0.1033	,1429.9999999387255,3.504900234045338e-5
0.1034	,1429.9999999388572,3.497369890447755e-5
0.1035	,1429.9999999389886,3.48985255262495e-5
0.1036	,1429.99999993912,3.4823352148021445e-5
0.1037	,1429.9999999392517,3.4748048712045573e-5
0.1038	,1429.999999939383,3.467287533381748e-5
0.1039	,1429.9999999395145,3.4597701955589386e-5
0.104	,1429.9999999396462,3.452239851961347e-5
0.1041	,1429.9999999397776,3.4447225141385336e-5
0.1042	,1429.999999939909,3.43720517631572e-5
0.1043	,1429.9999999400404,3.429687838492904e-5
0.1044	,1429.999999940172,3.422157494895307e-5
0.1045	,1429.9999999403035,3.414640157072489e-5
0.1046	,1429.999999940435,3.407122819249669e-5
0.1047	,1429.9999999405666,3.399592475652068e-5
0.1048	,1429.999999940698,3.392075137829246e-5
0.1049	,1429.9999999408294,3.384557800006421e-5
0.105	,1429.999999940961,3.377027456408816e-5
0.1051	,1429.9999999410925,3.36951011858599e-5
0.1052	,1429.999999941224,3.361992780763161e-5
0.1053	,1429.9999999413556,3.3544624371655516e-5
0.1054	,1429.999999941487,3.3469450993427215e-5
0.1055	,1429.9999999416184,3.339427761519889e-5
0.1056	,1429.99999994175,3.331897417922275e-5
0.1057	,1429.9999999418815,3.3243800800994404e-5
0.1058	,1429.999999942013,3.3168627422766036e-5
0.1059	,1429.9999999421443,3.309345404453766e-5
0.106	,1429.999999942276,3.301815060856147e-5
0.1061	,1429.9999999424074,3.294297723033306e-5
0.1062	,1429.9999999425388,3.286780385210465e-5
0.1063	,1429.9999999426705,3.279250041612842e-5
0.1064	,1429.9999999428019,3.271732703789997e-5
0.1065	,1429.9999999429333,3.264215365967151e-5
0.1066	,1429.999999943065,3.256685022369523e-5
0.1067	,1429.9999999431964,3.249167684546674e-5
0.1068	,1429.9999999433278,3.2416503467238246e-5
0.1069	,1429.9999999434594,3.234120003126193e-5
0.107	,1429.9999999435909,3.22660266530334e-5
0.1071	,1429.9999999437223,3.219085327480485e-5
0.1072	,1429.999999943854,3.211554983882849e-5
0.1073	,1429.9999999439854,3.204037646059992e-5
0.1074	,1429.9999999441168,3.1965203082371344e-5
0.1075	,1429.9999999442484,3.1889899646394944e-5
0.1076	,1429.9999999443799,3.1814726268166325e-5
0.1077	,1429.9999999445113,3.1739552889937706e-5
0.1078	,1429.9999999446427,3.166437951170906e-5
0.1079	,1429.9999999447743,3.1589076075732606e-5
0.108	,1429.9999999449058,3.151390269750394e-5
0.1081	,1429.9999999450372,3.143872931927526e-5
0.1082	,1429.9999999451688,3.136342588329876e-5
0.1083	,1429.9999999453003,3.128825250507005e-5
0.1084	,1429.9999999454317,3.121307912684133e-5
0.1085	,1429.9999999455633,3.113777569086479e-5
0.1086	,1429.9999999456948,3.106260231263604e-5
0.1087	,1429.9999999458262,3.098742893440727e-5
0.1088	,1429.9999999459578,3.09121254984307e-5
0.1089	,1429.9999999460892,3.083695212020191e-5
0.109	,1429.9999999462207,3.07617787419731e-5
0.1091	,1429.9999999463523,3.0686475305996476e-5
0.1092	,1429.9999999464837,3.061130192776765e-5
0.1093	,1429.9999999466152,3.05361285495388e-5
0.1094	,1429.9999999467466,3.0460955171309932e-5
0.1095	,1429.9999999468782,3.038565173533326e-5
0.1096	,1429.9999999470097,3.0310478357104368e-5
0.1097	,1429.999999947141,3.0235304978875465e-5
0.1098	,1429.9999999472727,3.0160001542898753e-5
0.1099	,1429.9999999474041,3.008482816466982e-5
0.11	,1429.9999999475356,3.000965478644087e-5
0.1101	,1429.9999999476672,2.9934351350464116e-5
0.1102	,1429.9999999477986,2.985917797223514e-5
0.1103	,1429.99999994793,2.9784004594006153e-5
0.1104	,1429.9999999480617,2.970870115802936e-5
0.1105	,1429.9999999481931,2.963352777980034e-5
0.1106	,1429.9999999483246,2.9558354401571313e-5
0.1107	,1429.9999999484562,2.9483050965594475e-5
0.1108	,1429.9999999485876,2.940787758736542e-5
0.1109	,1429.999999948719,2.9332704209136347e-5
0.111	,1429.9999999488507,2.925740077315947e-5
0.1111	,1429.9999999489821,2.918222739493037e-5
0.1112	,1429.9999999491135,2.9107054016701256e-5
0.1113	,1429.999999949245,2.9031880638472135e-5
0.1114	,1429.9999999493766,2.8956577202495197e-5
0.1115	,1429.999999949508,2.8881403824266043e-5
0.1116	,1429.9999999496395,2.8806230446036878e-5
0.1117	,1429.999999949771,2.87309270100599e-5
0.1118	,1429.9999999499025,2.86557536318307e-5
0.1119	,1429.999999950034,2.85805802536015e-5
0.112	,1429.9999999501656,2.8505276817624476e-5
0.1121	,1429.999999950297,2.8430103439395237e-5
0.1122	,1429.9999999504284,2.8354930061165995e-5
0.1123	,1429.99999995056,2.8279626625188927e-5
0.1124	,1429.9999999506915,2.820445324695965e-5
0.1125	,1429.999999950823,2.8129279868730365e-5
0.1126	,1429.9999999509546,2.8053976432753257e-5
0.1127	,1429.999999951086,2.7978803054523936e-5
0.1128	,1429.9999999512174,2.790362967629461e-5
0.1129	,1429.9999999513489,2.7828456298065262e-5
0.113	,1429.9999999514805,2.77531528620881e-5
0.1131	,1429.999999951612,2.767797948385873e-5
0.1132	,1429.9999999517433,2.760280610562934e-5
0.1133	,1429.999999951875,2.7527502669652138e-5
0.1134	,1429.9999999520064,2.7452329291422726e-5
0.1135	,1429.9999999521378,2.7377155913193294e-5
0.1136	,1429.9999999522695,2.730185247721605e-5
0.1137	,1429.999999952401,2.72266790989866e-5
0.1138	,1429.9999999525323,2.7151505720757126e-5
0.1139	,1429.999999952664,2.707620228477984e-5
0.114	,1429.9999999527954,2.7001028906550345e-5
0.1141	,1429.9999999529268,2.6925855528320832e-5
0.1142	,1429.9999999530585,2.6850552092343504e-5
0.1143	,1429.99999995319,2.677537871411397e-5
0.1144	,1429.9999999533213,2.6700205335884413e-5
0.1145	,1429.9999999534527,2.6625031957654852e-5
0.1146	,1429.9999999535844,2.6549728521677466e-5
0.1147	,1429.9999999537158,2.647455514344787e-5
0.1148	,1429.9999999538472,2.6399381765218267e-5
0.1149	,1429.9999999539789,2.632407832924084e-5
0.115	,1429.9999999541103,2.6248904951011205e-5
0.1151	,1429.9999999542417,2.6173731572781556e-5
0.1152	,1429.9999999543734,2.6098428136804092e-5
0.1153	,1429.9999999545048,2.6023254758574413e-5
0.1154	,1429.9999999546362,2.5948081380344723e-5
0.1155	,1429.9999999547679,2.5872777944367215e-5
0.1156	,1429.9999999548993,2.5797604566137495e-5
0.1157	,1429.9999999550307,2.5722431187907765e-5
0.1158	,1429.9999999551624,2.5647127751930217e-5
0.1159	,1429.9999999552938,2.5571954373700453e-5
0.116	,1429.9999999554252,2.5496780995470682e-5
0.1161	,1429.9999999555569,2.5421477559493093e-5
0.1162	,1429.9999999556883,2.5346304181263288e-5
0.1163	,1429.9999999558197,2.5271130803033477e-5
0.1164	,1429.9999999559511,2.5195957424803645e-5
0.1165	,1429.9999999560828,2.5120653988825998e-5
0.1166	,1429.9999999562142,2.5045480610596146e-5
0.1167	,1429.9999999563456,2.4970307232366274e-5
0.1168	,1429.9999999564773,2.4895003796388586e-5
0.1169	,1429.9999999566087,2.481983041815869e-5
0.117	,1429.99999995674,2.4744657039928773e-5
0.1171	,1429.9999999568718,2.4669353603951045e-5
0.1172	,1429.9999999570032,2.459418022572111e-5
0.1173	,1429.9999999571346,2.4519006847491155e-5
0.1174	,1429.9999999572663,2.4443703411513382e-5
0.1175	,1429.9999999573977,2.4368530033283405e-5
0.1176	,1429.999999957529,2.4293356655053407e-5
0.1177	,1429.9999999576607,2.4218053219075594e-5
0.1178	,1429.9999999577922,2.4142879840845573e-5
0.1179	,1429.9999999579236,2.4067706462615535e-5
0.118	,1429.999999958055,2.3992533084385483e-5
0.1181	,1429.9999999581867,2.391722964840762e-5
0.1182	,1429.999999958318,2.384205627017754e-5
0.1183	,1429.9999999584495,2.3766882891947447e-5
0.1184	,1429.9999999585812,2.3691579455969543e-5
0.1185	,1429.9999999587126,2.361640607773942e-5
0.1186	,1429.999999958844,2.3541232699509286e-5
0.1187	,1429.9999999589756,2.3465929263531338e-5
0.1188	,1429.999999959107,2.3390755885301177e-5
0.1189	,1429.9999999592385,2.3315582507071e-5
0.119	,1429.9999999593701,2.324027907109301e-5
0.1191	,1429.9999999595016,2.3165105692862807e-5
0.1192	,1429.999999959633,2.308993231463259e-5
0.1193	,1429.9999999597646,2.301462887865456e-5
0.1194	,1429.999999959896,2.2939455500424314e-5
0.1195	,1429.9999999600275,2.2864282122194055e-5
0.1196	,1429.9999999601591,2.2788978686215985e-5
0.1197	,1429.9999999602906,2.2713805307985696e-5
0.1198	,1429.999999960422,2.2638631929755396e-5
0.1199	,1429.9999999605534,2.2563458551525083e-5
0.12	,1429.999999960685,2.2488155115546952e-5
0.1201	,1429.9999999608165,2.2412981737316612e-5
0.1202	,1429.999999960948,2.233780835908626e-5
0.1203	,1429.9999999610795,2.2262504923108087e-5
0.1204	,1429.999999961211,2.2187331544877703e-5
0.1205	,1429.9999999613424,2.211215816664731e-5
0.1206	,1429.999999961474,2.2036854730669096e-5
0.1207	,1429.9999999616055,2.196168135243867e-5
0.1208	,1429.9999999617369,2.1886507974208236e-5
0.1209	,1429.9999999618685,2.181120453822998e-5
0.121	,1429.999999962,2.1736031159999514e-5
0.1211	,1429.9999999621314,2.1660857781769035e-5
0.1212	,1429.999999962263,2.1585554345790738e-5
0.1213	,1429.9999999623944,2.1510380967560232e-5
0.1214	,1429.9999999625259,2.1435207589329712e-5
0.1215	,1429.9999999626573,2.1360034211099176e-5
0.1216	,1429.999999962789,2.1284730775120824e-5
0.1217	,1429.9999999629204,2.1209557396890264e-5
0.1218	,1429.9999999630518,2.1134384018659687e-5
0.1219	,1429.9999999631834,2.1059080582681295e-5
0.122	,1429.9999999633148,2.0983907204450694e-5
0.1221	,1429.9999999634463,2.0908733826220073e-5
0.1222	,1429.999999963578,2.083343039024164e-5
0.1223	,1429.9999999637093,2.0758257012010995e-5
0.1224	,1429.9999999638408,2.0683083633780336e-5
0.1225	,1429.9999999639724,2.060778019780186e-5
0.1226	,1429.9999999641038,2.0532606819571174e-5
0.1227	,1429.9999999642353,2.045743344134047e-5
0.1228	,1429.999999964367,2.0382130005361954e-5
0.1229	,1429.9999999644983,2.0306956627131227e-5
0.123	,1429.9999999646298,2.0231783248900484e-5
0.1231	,1429.9999999647612,2.015660987066973e-5
0.1232	,1429.9999999648928,2.008130643469116e-5
0.1233	,1429.9999999650242,2.0006133056460372e-5
0.1234	,1429.9999999651557,1.9930959678229578e-5
0.1235	,1429.9999999652873,1.9855656242250962e-5
0.1236	,1429.9999999654187,1.9780482864020138e-5
0.1237	,1429.9999999655502,1.97053094857893e-5
0.1238	,1429.9999999656818,1.9630006049810643e-5
0.1239	,1429.9999999658132,1.9554832671579778e-5
0.124	,1429.9999999659447,1.94796592933489e-5
0.1241	,1429.9999999660763,1.94043558573702e-5
0.1242	,1429.9999999662077,1.932918247913929e-5
0.1243	,1429.9999999663391,1.9254009100908374e-5
0.1244	,1429.9999999664708,1.9178705664929632e-5
0.1245	,1429.9999999666022,1.9103532286698682e-5
0.1246	,1429.9999999667336,1.902835890846772e-5
0.1247	,1429.9999999668653,1.895305547248894e-5
0.1248	,1429.9999999669967,1.8877882094257947e-5
0.1249	,1429.9999999671281,1.8802708716026946e-5
0.125	,1429.9999999672596,1.8727535337795925e-5
0.1251	,1429.9999999673912,1.865223190181709e-5
0.1252	,1429.9999999675226,1.8577058523586044e-5
0.1253	,1429.999999967654,1.8501885145354983e-5
0.1254	,1429.9999999677857,1.8426581709376106e-5
0.1255	,1429.9999999679171,1.835140833114502e-5
0.1256	,1429.9999999680485,1.8276234952913918e-5
0.1257	,1429.9999999681802,1.8200931516934997e-5
0.1258	,1429.9999999683116,1.812575813870387e-5
0.1259	,1429.999999968443,1.8050584760472725e-5
0.126	,1429.9999999685747,1.7975281324493764e-5
0.1261	,1429.999999968706,1.7900107946262597e-5
0.1262	,1429.9999999688375,1.782493456803141e-5
0.1263	,1429.9999999689692,1.7749631132052408e-5
0.1264	,1429.9999999691006,1.7674457753821197e-5
0.1265	,1429.999999969232,1.7599284375589973e-5
0.1266	,1429.9999999693634,1.752411099735873e-5
0.1267	,1429.999999969495,1.7448807561379675e-5
0.1268	,1429.9999999696265,1.7373634183148407e-5
0.1269	,1429.999999969758,1.7298460804917125e-5
0.127	,1429.9999999698896,1.7223157368938028e-5
0.1271	,1429.999999970021,1.714798399070672e-5
0.1272	,1429.9999999701524,1.7072810612475393e-5
0.1273	,1429.999999970284,1.6997507176496256e-5
0.1274	,1429.9999999704155,1.6922333798264906e-5
0.1275	,1429.999999970547,1.684716042003354e-5
0.1276	,1429.9999999706786,1.677185698405436e-5
0.1277	,1429.99999997081,1.6696683605822967e-5
0.1278	,1429.9999999709414,1.662151022759156e-5
0.1279	,1429.999999971073,1.6546206791612338e-5
0.128	,1429.9999999712045,1.6471033413380907e-5
0.1281	,1429.999999971336,1.6395860035149456e-5
0.1282	,1429.9999999714673,1.6320686656917998e-5
0.1283	,1429.999999971599,1.6245383220938718e-5
0.1284	,1429.9999999717304,1.617020984270723e-5
0.1285	,1429.9999999718618,1.609503646447573e-5
0.1286	,1429.9999999719935,1.6019733028496406e-5
0.1287	,1429.999999972125,1.5944559650264877e-5
0.1288	,1429.9999999722563,1.5869386272033334e-5
0.1289	,1429.999999972388,1.579408283605397e-5
0.129	,1429.9999999725194,1.57189094578224e-5
0.1291	,1429.9999999726508,1.5643736079590816e-5
0.1292	,1429.9999999727825,1.556843264361141e-5
0.1293	,1429.9999999729139,1.5493259265379797e-5
0.1294	,1429.9999999730453,1.5418085887148173e-5
0.1295	,1429.999999973177,1.5342782451168727e-5
0.1296	,1429.9999999733084,1.5267609072937073e-5
0.1297	,1429.9999999734398,1.5192435694705404e-5
0.1298	,1429.9999999735714,1.5117132258725918e-5
0.1299	,1429.9999999737029,1.5041958880494221e-5
0.13	,1429.9999999738343,1.4966785502262512e-5
0.1301	,1429.9999999739657,1.4891612124030788e-5
0.1302	,1429.9999999740974,1.4816308688051246e-5
0.1303	,1429.9999999742288,1.4741135309819496e-5
0.1304	,1429.9999999743602,1.466596193158773e-5
0.1305	,1429.9999999744919,1.4590658495608145e-5
0.1306	,1429.9999999746233,1.4515485117376355e-5
0.1307	,1429.9999999747547,1.4440311739144548e-5
0.1308	,1429.9999999748864,1.436500830316492e-5
0.1309	,1429.9999999750178,1.428983492493309e-5
0.131	,1429.9999999751492,1.421466154670124e-5
0.1311	,1429.9999999752808,1.4139358110721573e-5
0.1312	,1429.9999999754123,1.40641847324897e-5
0.1313	,1429.9999999755437,1.398901135425781e-5
0.1314	,1429.9999999756753,1.3913707918278099e-5
0.1315	,1429.9999999758068,1.3838534540046184e-5
0.1316	,1429.9999999759382,1.3763361161814253e-5
0.1317	,1429.9999999760696,1.368818778358231e-5
0.1318	,1429.9999999762013,1.3612884347602544e-5
0.1319	,1429.9999999763327,1.3537710969370571e-5
0.132	,1429.999999976464,1.3462537591138588e-5
0.1321	,1429.9999999765957,1.3387234155158781e-5
0.1322	,1429.9999999767272,1.3312060776926766e-5
0.1323	,1429.9999999768586,1.323688739869474e-5
0.1324	,1429.9999999769902,1.3161583962714893e-5
0.1325	,1429.9999999771217,1.3086410584482837e-5
0.1326	,1429.999999977253,1.3011237206250769e-5
0.1327	,1429.9999999773847,1.293593377027088e-5
0.1328	,1429.9999999775162,1.2860760392038782e-5
0.1329	,1429.9999999776476,1.2785587013806674e-5
0.133	,1429.9999999777792,1.2710283577826743e-5
0.1331	,1429.9999999779106,1.2635110199594604e-5
0.1332	,1429.999999978042,1.2559936821362453e-5
0.1333	,1429.9999999781737,1.248463338538248e-5
0.1334	,1429.9999999783051,1.24094600071503e-5
0.1335	,1429.9999999784366,1.233428662891811e-5
0.1336	,1429.999999978568,1.22591132506859e-5
0.1337	,1429.9999999786996,1.2183809814705874e-5
0.1338	,1429.999999978831,1.210863643647364e-5
0.1339	,1429.9999999789625,1.203346305824139e-5
0.134	,1429.9999999790941,1.1958159622261321e-5
0.1341	,1429.9999999792255,1.1882986244029047e-5
0.1342	,1429.999999979357,1.1807812865796755e-5
0.1343	,1429.9999999794886,1.1732509429816645e-5
0.1344	,1429.99999997962,1.1657336051584328e-5
0.1345	,1429.9999999797515,1.1582162673351996e-5
0.1346	,1429.9999999798831,1.1506859237371843e-5
0.1347	,1429.9999999800145,1.1431685859139486e-5
0.1348	,1429.999999980146,1.1356512480907111e-5
0.1349	,1429.9999999802776,1.1281209044926916e-5
0.135	,1429.999999980409,1.1206035666694518e-5
0.1351	,1429.9999999805405,1.1130862288462103e-5
0.1352	,1429.9999999806719,1.1055688910229674e-5
0.1353	,1429.9999999808035,1.0980385474249427e-5
0.1354	,1429.999999980935,1.090521209601697e-5
0.1355	,1429.9999999810664,1.0830038717784498e-5
0.1356	,1429.999999981198,1.075473528180421e-5
0.1357	,1429.9999999813294,1.0679561903571712e-5
0.1358	,1429.9999999814609,1.06043885253392e-5
0.1359	,1429.9999999815925,1.052908508935887e-5
0.136	,1429.999999981724,1.045391171112633e-5
0.1361	,1429.9999999818554,1.0378738332893776e-5
0.1362	,1429.999999981987,1.0303434896913405e-5
0.1363	,1429.9999999821184,1.0228261518680823e-5
0.1364	,1429.9999999822498,1.0153088140448229e-5
0.1365	,1429.9999999823815,1.0077784704467815e-5
0.1366	,1429.999999982513,1.0002611326235192e-5
0.1367	,1429.9999999826443,9.927437948002556e-6
0.1368	,1429.9999999827758,9.852264569769907e-6
0.1369	,1429.9999999829074,9.776961133789436e-6
0.137	,1429.9999999830388,9.701787755556759e-6
0.1371	,1429.9999999831703,9.626614377324069e-6
0.1372	,1429.999999983302,9.551310941343556e-6
0.1373	,1429.9999999834333,9.476137563110837e-6
0.1374	,1429.9999999835647,9.400964184878105e-6
0.1375	,1429.9999999836964,9.325660748897552e-6
0.1376	,1429.9999999838278,9.25048737066479e-6
0.1377	,1429.9999999839592,9.175313992432018e-6
0.1378	,1429.999999984091,9.100010556451422e-6
0.1379	,1429.9999999842223,9.02483717821862e-6
0.138	,1429.9999999843537,8.949663799985805e-6
0.1381	,1429.9999999844854,8.874360364005168e-6
0.1382	,1429.9999999846168,8.799186985772325e-6
0.1383	,1429.9999999847482,8.724013607539469e-6
0.1384	,1429.9999999848799,8.64871017155879e-6
0.1385	,1429.9999999850113,8.573536793325905e-6
0.1386	,1429.9999999851427,8.498363415093007e-6
0.1387	,1429.9999999852741,8.423190036860096e-6
0.1388	,1429.9999999854058,8.34788660087936e-6
0.1389	,1429.9999999855372,8.272713222646422e-6
0.139	,1429.9999999856686,8.197539844413468e-6
0.1391	,1429.9999999858003,8.122236408432692e-6
0.1392	,1429.9999999859317,8.047063030199713e-6
0.1393	,1429.9999999860631,7.971889651966717e-6
0.1394	,1429.9999999861948,7.8965862159859e-6
0.1395	,1429.9999999863262,7.821412837752879e-6
0.1396	,1429.9999999864576,7.74623945951984e-6
0.1397	,1429.9999999865893,7.670936023538981e-6
0.1398	,1429.9999999867207,7.595762645305919e-6
0.1399	,1429.9999999868521,7.52058926707284e-6
0.14	,1429.9999999869838,7.44528583109194e-6
0.1401	,1429.9999999871152,7.370112452858835e-6
0.1402	,1429.9999999872466,7.2949390746257146e-6
0.1403	,1429.999999987378,7.219765696392583e-6
0.1404	,1429.9999999875097,7.1444622604116265e-6
0.1405	,1429.999999987641,7.069288882178465e-6
0.1406	,1429.9999999877725,6.994115503945292e-6
0.1407	,1429.9999999879042,6.918812067964294e-6
0.1408	,1429.9999999880356,6.843638689731091e-6
0.1409	,1429.999999988167,6.7684653114978755e-6
0.141	,1429.9999999882987,6.693161875516837e-6
0.1411	,1429.99999998843,6.617988497283593e-6
0.1412	,1429.9999999885615,6.5428151190503355e-6
0.1413	,1429.9999999886932,6.467511683069256e-6
0.1414	,1429.9999999888246,6.39233830483597e-6
0.1415	,1429.999999988956,6.317164926602671e-6
0.1416	,1429.9999999890877,6.2418614906215496e-6
0.1417	,1429.999999989219,6.166688112388222e-6
0.1418	,1429.9999999893505,6.091514734154882e-6
0.1419	,1429.9999999894821,6.016211298173719e-6
0.142	,1429.9999999896136,5.94103791994035e-6
0.1421	,1429.999999989745,5.8658645417069685e-6
0.1422	,1429.9999999898764,5.7906911634735724e-6
0.1423	,1429.999999990008,5.7153877274923536e-6
0.1424	,1429.9999999901395,5.6402143492589304e-6
0.1425	,1429.999999990271,5.565040971025493e-6
0.1426	,1429.9999999904026,5.4897375350442325e-6
0.1427	,1429.999999990534,5.414564156810768e-6
0.1428	,1429.9999999906654,5.339390778577289e-6
0.1429	,1429.999999990797,5.264087342595987e-6
0.143	,1429.9999999909285,5.188913964362481e-6
0.1431	,1429.99999999106,5.11374058612896e-6
0.1432	,1429.9999999911915,5.038437150147617e-6
0.1433	,1429.999999991323,4.963263771914069e-6
0.1434	,1429.9999999914544,4.888090393680507e-6
0.1435	,1429.999999991586,4.812786957699122e-6
0.1436	,1429.9999999917175,4.737613579465533e-6
0.1437	,1429.9999999918489,4.6624402012319295e-6
0.1438	,1429.9999999919803,4.587266822998312e-6
0.1439	,1429.999999992112,4.5119633870168725e-6
0.144	,1429.9999999922434,4.4367900087832274e-6
0.1441	,1429.9999999923748,4.361616630549569e-6
0.1442	,1429.9999999925064,4.286313194568087e-6
0.1443	,1429.9999999926379,4.211139816334401e-6
0.1444	,1429.9999999927693,4.135966438100701e-6
0.1445	,1429.999999992901,4.060663002119178e-6
0.1446	,1429.9999999930324,3.98548962388545e-6
0.1447	,1429.9999999931638,3.910316245651708e-6
0.1448	,1429.9999999932954,3.8350128096701436e-6
0.1449	,1429.9999999934269,3.7598394314363744e-6
0.145	,1429.9999999935583,3.684666053202591e-6
0.1451	,1429.99999999369,3.6093626172209853e-6
0.1452	,1429.9999999938213,3.5341892389871742e-6
0.1453	,1429.9999999939528,3.4590158607533496e-6
0.1454	,1429.9999999940842,3.3838424825195114e-6
0.1455	,1429.9999999942158,3.3085390465378495e-6
0.1456	,1429.9999999943473,3.2333656683039834e-6
0.1457	,1429.9999999944787,3.158192290070104e-6
0.1458	,1429.9999999946103,3.0828888540884008e-6
0.1459	,1429.9999999947418,3.007715475854493e-6
0.146	,1429.9999999948732,2.932542097620572e-6
0.1461	,1429.9999999950048,2.857238661638827e-6
0.1462	,1429.9999999951362,2.782065283404878e-6
0.1463	,1429.9999999952677,2.7068919051709156e-6
0.1464	,1429.9999999953993,2.6315884691891292e-6
0.1465	,1429.9999999955307,2.5564150909551386e-6
0.1466	,1429.9999999956622,2.4812417127211344e-6
0.1467	,1429.9999999957938,2.4059382767393065e-6
0.1468	,1429.9999999959252,2.3307648985052743e-6
0.1469	,1429.9999999960567,2.255591520271229e-6
0.147	,1429.9999999961883,2.1802880842893597e-6
0.1471	,1429.9999999963197,2.105114706055286e-6
0.1472	,1429.9999999964512,2.0299413278211988e-6
0.1473	,1429.9999999965826,1.9547679495870976e-6
0.1474	,1429.9999999967142,1.879464513605173e-6
0.1475	,1429.9999999968456,1.8042911353710444e-6
0.1476	,1429.999999996977,1.729117757136902e-6
0.1477	,1429.9999999971087,1.6538143211549356e-6
0.1478	,1429.9999999972401,1.5786409429207656e-6
0.1479	,1429.9999999973716,1.5034675646865814e-6
0.148	,1429.9999999975032,1.4281641287045735e-6
0.1481	,1429.9999999976346,1.352990750470362e-6
0.1482	,1429.9999999977024,1.3142335416229602e-6
0.1483	,1429.9999999977044,1.3130630218926694e-6
0.1484	,1429.9999999977065,1.311892502162379e-6
0.1485	,1429.9999999977085,1.3107219824320881e-6
0.1486	,1429.9999999977108,1.3094214049539874e-6
0.1487	,1429.9999999977128,1.3082508852236966e-6
0.1488	,1429.999999997715,1.3070803654934058e-6
0.1489	,1429.999999997717,1.305909845763115e-6
0.149	,1429.999999997719,1.3047393260328246e-6
0.1491	,1429.9999999977213,1.3034387485547236e-6
0.1492	,1429.9999999977233,1.3022682288244328e-6
0.1493	,1429.9999999977254,1.301097709094142e-6
0.1494	,1429.9999999977274,1.2999271893638511e-6
0.1495	,1429.9999999977294,1.2987566696335605e-6
0.1496	,1429.9999999977317,1.2974560921554596e-6
0.1497	,1429.9999999977338,1.296285572425169e-6
0.1498	,1429.9999999977358,1.2951150526948782e-6
0.1499	,1429.9999999977379,1.2939445329645873e-6
0.15	,1429.99999999774,1.2927740132342965e-6
0.1501	,1429.9999999977422,1.2914734357561958e-6
0.1502	,1429.9999999977442,1.290302916025905e-6
0.1503	,1429.9999999977463,1.2891323962956144e-6
0.1504	,1429.9999999977483,1.2879618765653235e-6
0.1505	,1429.9999999977504,1.2867913568350327e-6
0.1506	,1429.9999999977524,1.2856208371047419e-6
0.1507	,1429.9999999977547,1.284320259626641e-6
0.1508	,1429.9999999977567,1.2831497398963501e-6
0.1509	,1429.9999999977588,1.2819792201660595e-6
0.151	,1429.9999999977608,1.2808087004357687e-6
0.1511	,1429.9999999977629,1.2796381807054777e-6
0.1512	,1429.9999999977651,1.278337603227377e-6
0.1513	,1429.9999999977672,1.2771670834970859e-6
0.1514	,1429.9999999977692,1.275996563766795e-6
0.1515	,1429.9999999977713,1.2748260440365045e-6
0.1516	,1429.9999999977733,1.2736555243062136e-6
0.1517	,1429.9999999977756,1.2723549468281127e-6
0.1518	,1429.9999999977776,1.2711844270978219e-6
0.1519	,1429.9999999977797,1.2700139073675308e-6
0.152	,1429.9999999977817,1.26884338763724e-6
0.1521	,1429.9999999977838,1.2676728679069494e-6
0.1522	,1429.999999997786,1.2663722904288485e-6
0.1523	,1429.999999997788,1.2652017706985576e-6
0.1524	,1429.9999999977902,1.2640312509682666e-6
0.1525	,1429.9999999977922,1.2628607312379758e-6
0.1526	,1429.9999999977942,1.2616902115076847e-6
0.1527	,1429.9999999977965,1.2603896340295838e-6
0.1528	,1429.9999999977986,1.2592191142992932e-6
0.1529	,1429.9999999978006,1.2580485945690024e-6
0.153	,1429.9999999978027,1.2568780748387113e-6
0.1531	,1429.9999999978047,1.2557075551084205e-6
0.1532	,1429.9999999978068,1.2545370353781295e-6
0.1533	,1429.999999997809,1.2532364579000285e-6
0.1534	,1429.999999997811,1.252065938169738e-6
0.1535	,1429.9999999978131,1.250895418439447e-6
0.1536	,1429.9999999978152,1.2497248987091559e-6
0.1537	,1429.9999999978172,1.248554378978865e-6
0.1538	,1429.9999999978195,1.2472538015007639e-6
0.1539	,1429.9999999978215,1.246083281770473e-6
0.154	,1429.9999999978236,1.2449127620401822e-6
0.1541	,1429.9999999978256,1.2437422423098914e-6
0.1542	,1429.9999999978277,1.2425717225796004e-6
0.1543	,1429.99999999783,1.2412711451014994e-6
0.1544	,1429.999999997832,1.2401006253712084e-6
0.1545	,1429.999999997834,1.2389301056409174e-6
0.1546	,1429.999999997836,1.2377595859106268e-6
0.1547	,1429.9999999978381,1.2365890661803357e-6
0.1548	,1429.9999999978404,1.2352884887022348e-6
0.1549	,1429.9999999978425,1.2341179689719438e-6
0.155	,1429.9999999978445,1.2329474492416527e-6
0.1551	,1429.9999999978465,1.2317769295113617e-6
0.1552	,1429.9999999978486,1.2306064097810709e-6
0.1553	,1429.9999999978509,1.22930583230297e-6
0.1554	,1429.999999997853,1.228135312572679e-6
0.1555	,1429.999999997855,1.2269647928423879e-6
0.1556	,1429.999999997857,1.2257942731120968e-6
0.1557	,1429.999999997859,1.2246237533818058e-6
0.1558	,1429.9999999978613,1.2233231759037049e-6
0.1559	,1429.9999999978634,1.222152656173414e-6
0.156	,1429.9999999978654,1.220982136443123e-6
0.1561	,1429.9999999978675,1.219811616712832e-6
0.1562	,1429.9999999978695,1.218641096982541e-6
0.1563	,1429.9999999978716,1.2174705772522499e-6
0.1564	,1429.9999999978738,1.2161699997741487e-6
0.1565	,1429.9999999978759,1.214999480043858e-6
0.1566	,1429.999999997878,1.2138289603135669e-6
0.1567	,1429.99999999788,1.2126584405832758e-6
0.1568	,1429.999999997882,1.2114879208529848e-6
0.1569	,1429.9999999978843,1.2101873433748837e-6
0.157	,1429.9999999978863,1.2090168236445926e-6
0.1571	,1429.9999999978884,1.2078463039143018e-6
0.1572	,1429.9999999978904,1.2066757841840108e-6
0.1573	,1429.9999999978925,1.2055052644537197e-6
0.1574	,1429.9999999978947,1.2042046869756186e-6
0.1575	,1429.9999999978968,1.2030341672453276e-6
0.1576	,1429.9999999978988,1.2018636475150365e-6
0.1577	,1429.9999999979009,1.2006931277847455e-6
0.1578	,1429.999999997903,1.1995226080544544e-6
0.1579	,1429.9999999979052,1.1982220305763533e-6
0.158	,1429.9999999979073,1.1970515108460623e-6
0.1581	,1429.9999999979093,1.1958809911157712e-6
0.1582	,1429.9999999979113,1.19471047138548e-6
0.1583	,1429.9999999979134,1.1935399516551892e-6
0.1584	,1429.9999999979157,1.192239374177088e-6
0.1585	,1429.9999999979177,1.191068854446797e-6
0.1586	,1429.9999999979198,1.1898983347165057e-6
0.1587	,1429.9999999979218,1.1887278149862147e-6
0.1588	,1429.9999999979239,1.1875572952559234e-6
0.1589	,1429.9999999979261,1.1862567177778223e-6
0.159	,1429.9999999979282,1.1850861980475315e-6
0.1591	,1429.9999999979302,1.1839156783172402e-6
0.1592	,1429.9999999979323,1.1827451585869492e-6
0.1593	,1429.9999999979343,1.1815746388566582e-6
0.1594	,1429.9999999979364,1.180404119126367e-6
0.1595	,1429.9999999979386,1.1791035416482658e-6
0.1596	,1429.9999999979407,1.1779330219179747e-6
0.1597	,1429.9999999979427,1.1767625021876837e-6
0.1598	,1429.9999999979448,1.1755919824573924e-6
0.1599	,1429.9999999979468,1.1744214627271014e-6
0.16	,1429.999999997949,1.173120885249e-6
0.1601	,1429.9999999979511,1.171950365518709e-6
0.1602	,1429.9999999979532,1.170779845788418e-6
0.1603	,1429.9999999979552,1.1696093260581267e-6
0.1604	,1429.9999999979573,1.1684388063278357e-6
0.1605	,1429.9999999979595,1.1671382288497343e-6
0.1606	,1429.9999999979616,1.1659677091194433e-6
0.1607	,1429.9999999979636,1.164797189389152e-6
0.1608	,1429.9999999979657,1.163626669658861e-6
0.1609	,1429.9999999979677,1.16245614992857e-6
0.161	,1429.99999999797,1.1611555724504686e-6
0.1611	,1429.999999997972,1.1599850527201774e-6
0.1612	,1429.999999997974,1.1588145329898861e-6
0.1613	,1429.9999999979761,1.157644013259595e-6
0.1614	,1429.9999999979782,1.156473493529304e-6
0.1615	,1429.9999999979805,1.1551729160512027e-6
0.1616	,1429.9999999979825,1.1540023963209114e-6
0.1617	,1429.9999999979846,1.1528318765906202e-6
0.1618	,1429.9999999979866,1.1516613568603292e-6
0.1619	,1429.9999999979887,1.150490837130038e-6
0.162	,1429.9999999979907,1.1493203173997469e-6
0.1621	,1429.999999997993,1.1480197399216455e-6
0.1622	,1429.999999997995,1.1468492201913543e-6
0.1623	,1429.999999997997,1.145678700461063e-6
0.1624	,1429.999999997999,1.1445081807307718e-6
0.1625	,1429.9999999980012,1.1433376610004805e-6
0.1626	,1429.9999999980034,1.1420370835223792e-6
0.1627	,1429.9999999980055,1.1408665637920881e-6
0.1628	,1429.9999999980075,1.139696044061797e-6
0.1629	,1429.9999999980096,1.1385255243315056e-6
0.163	,1429.9999999980116,1.1373550046012144e-6
0.1631	,1429.999999998014,1.136054427123113e-6
0.1632	,1429.999999998016,1.1348839073928218e-6
0.1633	,1429.999999998018,1.1337133876625308e-6
0.1634	,1429.99999999802,1.1325428679322395e-6
0.1635	,1429.999999998022,1.1313723482019483e-6
0.1636	,1429.9999999980244,1.130071770723847e-6
0.1637	,1429.9999999980264,1.1289012509935557e-6
0.1638	,1429.9999999980284,1.1277307312632642e-6
0.1639	,1429.9999999980305,1.1265602115329732e-6
0.164	,1429.9999999980325,1.125389691802682e-6
0.1641	,1429.9999999980348,1.1240891143245806e-6
0.1642	,1429.9999999980369,1.1229185945942893e-6
0.1643	,1429.999999998039,1.1217480748639979e-6
0.1644	,1429.999999998041,1.1205775551337066e-6
0.1645	,1429.999999998043,1.1194070354034156e-6
0.1646	,1429.9999999980453,1.1181064579253142e-6
0.1647	,1429.9999999980473,1.1169359381950227e-6
0.1648	,1429.9999999980494,1.1157654184647315e-6
0.1649	,1429.9999999980514,1.11459489873444e-6
0.165	,1429.9999999980535,1.1134243790041488e-6
0.1651	,1429.9999999980555,1.1122538592738578e-6
0.1652	,1429.9999999980578,1.1109532817957562e-6
0.1653	,1429.9999999980598,1.109782762065465e-6
0.1654	,1429.9999999980619,1.1086122423351737e-6
0.1655	,1429.999999998064,1.1074417226048822e-6
0.1656	,1429.999999998066,1.106271202874591e-6
0.1657	,1429.9999999980682,1.1049706253964894e-6
0.1658	,1429.9999999980703,1.1038001056661984e-6
0.1659	,1429.9999999980723,1.102629585935907e-6
0.166	,1429.9999999980744,1.1014590662056157e-6
0.1661	,1429.9999999980764,1.1002885464753242e-6
0.1662	,1429.9999999980787,1.0989879689972226e-6
0.1663	,1429.9999999980807,1.0978174492669314e-6
0.1664	,1429.9999999980828,1.0966469295366402e-6
0.1665	,1429.9999999980848,1.095476409806349e-6
0.1666	,1429.9999999980869,1.0943058900760574e-6
0.1667	,1429.9999999980892,1.0930053125979559e-6
0.1668	,1429.9999999980912,1.0918347928676646e-6
0.1669	,1429.9999999980932,1.0906642731373732e-6
0.167	,1429.9999999980953,1.089493753407082e-6
0.1671	,1429.9999999980973,1.0883232336767907e-6
0.1672	,1429.9999999980996,1.087022656198689e-6
0.1673	,1429.9999999981017,1.0858521364683976e-6
0.1674	,1429.9999999981037,1.0846816167381062e-6
0.1675	,1429.9999999981057,1.083511097007815e-6
0.1676	,1429.9999999981078,1.0823405772775237e-6
0.1677	,1429.9999999981098,1.0811700575472322e-6
0.1678	,1429.9999999981121,1.0798694800691307e-6
0.1679	,1429.9999999981142,1.0786989603388392e-6
0.168	,1429.9999999981162,1.077528440608548e-6
0.1681	,1429.9999999981183,1.0763579208782565e-6
0.1682	,1429.9999999981203,1.0751874011479653e-6
0.1683	,1429.9999999981226,1.0738868236698637e-6
0.1684	,1429.9999999981246,1.0727163039395722e-6
0.1685	,1429.9999999981267,1.0715457842092808e-6
0.1686	,1429.9999999981287,1.0703752644789893e-6
0.1687	,1429.9999999981308,1.0692047447486978e-6
0.1688	,1429.999999998133,1.0679041672705963e-6
0.1689	,1429.999999998135,1.066733647540305e-6
0.169	,1429.9999999981371,1.0655631278100136e-6
0.1691	,1429.9999999981392,1.0643926080797221e-6
0.1692	,1429.9999999981412,1.0632220883494306e-6
0.1693	,1429.9999999981435,1.061921510871329e-6
0.1694	,1429.9999999981455,1.0607509911410376e-6
0.1695	,1429.9999999981476,1.0595804714107464e-6
0.1696	,1429.9999999981496,1.058409951680455e-6
0.1697	,1429.9999999981517,1.0572394319501632e-6
0.1698	,1429.999999998154,1.0559388544720617e-6
0.1699	,1429.999999998156,1.0547683347417702e-6
0.17	,1429.999999998158,1.0535978150114788e-6
0.1701	,1429.99999999816,1.0524272952811875e-6
0.1702	,1429.9999999981621,1.0512567755508958e-6
0.1703	,1429.9999999981644,1.0499561980727943e-6
0.1704	,1429.9999999981665,1.0487856783425028e-6
0.1705	,1429.9999999981685,1.0476151586122113e-6
0.1706	,1429.9999999981706,1.0464446388819197e-6
0.1707	,1429.9999999981726,1.0452741191516284e-6
0.1708	,1429.9999999981746,1.044103599421337e-6
0.1709	,1429.999999998177,1.0428030219432352e-6
0.171	,1429.999999998179,1.0416325022129437e-6
0.1711	,1429.999999998181,1.0404619824826523e-6
0.1712	,1429.999999998183,1.0392914627523606e-6
0.1713	,1429.999999998185,1.0381209430220694e-6
0.1714	,1429.9999999981874,1.0368203655439676e-6
0.1715	,1429.9999999981894,1.0356498458136761e-6
0.1716	,1429.9999999981915,1.0344793260833846e-6
0.1717	,1429.9999999981935,1.033308806353093e-6
0.1718	,1429.9999999981956,1.0321382866228015e-6
0.1719	,1429.9999999981978,1.0308377091446997e-6
0.172	,1429.9999999981999,1.0296671894144085e-6
0.1721	,1429.999999998202,1.0284966696841168e-6
0.1722	,1429.999999998204,1.0273261499538251e-6
0.1723	,1429.999999998206,1.0261556302235337e-6
0.1724	,1429.9999999982083,1.024855052745432e-6
0.1725	,1429.9999999982103,1.0236845330151404e-6
0.1726	,1429.9999999982124,1.022514013284849e-6
0.1727	,1429.9999999982144,1.0213434935545573e-6
0.1728	,1429.9999999982165,1.0201729738242659e-6
0.1729	,1429.9999999982188,1.018872396346164e-6
0.173	,1429.9999999982208,1.0177018766158724e-6
0.1731	,1429.9999999982228,1.016531356885581e-6
0.1732	,1429.999999998225,1.0153608371552895e-6
0.1733	,1429.999999998227,1.0141903174249978e-6
0.1734	,1429.999999998229,1.0130197976947064e-6
0.1735	,1429.9999999982313,1.0117192202166046e-6
0.1736	,1429.9999999982333,1.010548700486313e-6
0.1737	,1429.9999999982354,1.0093781807560212e-6
0.1738	,1429.9999999982374,1.0082076610257298e-6
0.1739	,1429.9999999982394,1.0070371412954383e-6
0.174	,1429.9999999982417,1.0057365638173365e-6
0.1741	,1429.9999999982438,1.0045660440870449e-6
0.1742	,1429.9999999982458,1.0033955243567532e-6
0.1743	,1429.9999999982479,1.0022250046264615e-6
0.1744	,1429.99999999825,1.00105448489617e-6
0.1745	,1429.9999999982522,9.997539074180683e-7
0.1746	,1429.9999999982542,9.985833876877766e-7
0.1747	,1429.9999999982563,9.97412867957485e-7
0.1748	,1429.9999999982583,9.962423482271933e-7
0.1749	,1429.9999999982604,9.950718284969016e-7
0.175	,1429.9999999982626,9.937712510187998e-7
0.1751	,1429.9999999982647,9.926007312885084e-7
0.1752	,1429.9999999982667,9.914302115582167e-7
0.1753	,1429.9999999982688,9.90259691827925e-7
0.1754	,1429.9999999982708,9.890891720976333e-7
0.1755	,1429.999999998273,9.877885946195316e-7
0.1756	,1429.9999999982751,9.866180748892399e-7
0.1757	,1429.9999999982772,9.854475551589484e-7
0.1758	,1429.9999999982792,9.842770354286568e-7
0.1759	,1429.9999999982813,9.831065156983649e-7
0.176	,1429.9999999982836,9.81805938220263e-7
0.1761	,1429.9999999982856,9.806354184899714e-7
0.1762	,1429.9999999982876,9.794648987596798e-7
0.1763	,1429.9999999982897,9.782943790293883e-7
0.1764	,1429.9999999982917,9.771238592990964e-7
0.1765	,1429.9999999982938,9.759533395688047e-7
0.1766	,1429.999999998296,9.74652762090703e-7
0.1767	,1429.999999998298,9.73482242360411e-7
0.1768	,1429.9999999983002,9.723117226301194e-7
0.1769	,1429.9999999983022,9.71141202899828e-7
0.177	,1429.9999999983042,9.699706831695363e-7
0.1771	,1429.9999999983065,9.686701056914343e-7
0.1772	,1429.9999999983086,9.674995859611426e-7
0.1773	,1429.9999999983106,9.663290662308507e-7
0.1774	,1429.9999999983127,9.65158546500559e-7
0.1775	,1429.9999999983147,9.639880267702676e-7
0.1776	,1429.999999998317,9.626874492921656e-7
0.1777	,1429.999999998319,9.61516929561874e-7
0.1778	,1429.999999998321,9.60346409831582e-7
0.1779	,1429.9999999983231,9.591758901012904e-7
0.178	,1429.9999999983252,9.580053703709985e-7
0.1781	,1429.9999999983274,9.567047928928967e-7
0.1782	,1429.9999999983295,9.55534273162605e-7
0.1783	,1429.9999999983315,9.543637534323132e-7
0.1784	,1429.9999999983336,9.531932337020215e-7
0.1785	,1429.9999999983356,9.520227139717297e-7
0.1786	,1429.999999998338,9.507221364936277e-7
0.1787	,1429.99999999834,9.495516167633359e-7
0.1788	,1429.999999998342,9.483810970330444e-7
0.1789	,1429.999999998344,9.472105773027526e-7
0.179	,1429.999999998346,9.460400575724607e-7
0.1791	,1429.9999999983481,9.448695378421689e-7
0.1792	,1429.9999999983504,9.43568960364067e-7
0.1793	,1429.9999999983525,9.423984406337752e-7
0.1794	,1429.9999999983545,9.412279209034835e-7
0.1795	,1429.9999999983565,9.400574011731917e-7
0.1796	,1429.9999999983586,9.388868814429e-7
0.1797	,1429.9999999983609,9.37586303964798e-7
0.1798	,1429.999999998363,9.364157842345061e-7
0.1799	,1429.999999998365,9.352452645042143e-7
0.18	,1429.999999998367,9.340747447739226e-7
0.1801	,1429.999999998369,9.329042250436307e-7
0.1802	,1429.9999999983713,9.316036475655287e-7
0.1803	,1429.9999999983734,9.30433127835237e-7
0.1804	,1429.9999999983754,9.292626081049451e-7
0.1805	,1429.9999999983775,9.280920883746532e-7
0.1806	,1429.9999999983795,9.269215686443615e-7
0.1807	,1429.9999999983818,9.256209911662595e-7
0.1808	,1429.9999999983838,9.244504714359677e-7
0.1809	,1429.9999999983859,9.232799517056758e-7
0.181	,1429.999999998388,9.221094319753839e-7
0.1811	,1429.99999999839,9.20938912245092e-7
0.1812	,1429.9999999983922,9.1963833476699e-7
0.1813	,1429.9999999983943,9.184678150366983e-7
0.1814	,1429.9999999983963,9.172972953064065e-7
0.1815	,1429.9999999983984,9.161267755761146e-7
0.1816	,1429.9999999984004,9.149562558458227e-7
0.1817	,1429.9999999984027,9.136556783677206e-7
0.1818	,1429.9999999984047,9.124851586374287e-7
0.1819	,1429.9999999984068,9.113146389071369e-7
0.182	,1429.9999999984088,9.101441191768451e-7
0.1821	,1429.9999999984109,9.089735994465532e-7
0.1822	,1429.999999998413,9.078030797162613e-7
0.1823	,1429.9999999984152,9.065025022381592e-7
0.1824	,1429.9999999984173,9.053319825078673e-7
0.1825	,1429.9999999984193,9.041614627775755e-7
0.1826	,1429.9999999984213,9.029909430472836e-7
0.1827	,1429.9999999984234,9.018204233169917e-7
0.1828	,1429.9999999984257,9.005198458388896e-7
0.1829	,1429.9999999984277,8.993493261085977e-7
0.183	,1429.9999999984298,8.981788063783057e-7
0.1831	,1429.9999999984318,8.970082866480139e-7
0.1832	,1429.9999999984339,8.95837766917722e-7
0.1833	,1429.9999999984361,8.945371894396199e-7
0.1834	,1429.9999999984382,8.933666697093279e-7
0.1835	,1429.9999999984402,8.92196149979036e-7
0.1836	,1429.9999999984423,8.910256302487441e-7
0.1837	,1429.9999999984443,8.898551105184522e-7
0.1838	,1429.9999999984466,8.885545330403501e-7
0.1839	,1429.9999999984486,8.873840133100581e-7
0.184	,1429.9999999984507,8.862134935797661e-7
0.1841	,1429.9999999984527,8.850429738494742e-7
0.1842	,1429.9999999984548,8.838724541191822e-7
0.1843	,1429.999999998457,8.8257187664108e-7
0.1844	,1429.999999998459,8.814013569107883e-7
0.1845	,1429.9999999984611,8.802308371804963e-7
0.1846	,1429.9999999984632,8.790603174502043e-7
0.1847	,1429.9999999984652,8.778897977199123e-7
0.1848	,1429.9999999984673,8.767192779896203e-7
0.1849	,1429.9999999984695,8.754187005115181e-7
0.185	,1429.9999999984716,8.742481807812262e-7
0.1851	,1429.9999999984736,8.730776610509342e-7
0.1852	,1429.9999999984757,8.719071413206422e-7
0.1853	,1429.9999999984777,8.707366215903503e-7
0.1854	,1429.99999999848,8.69436044112248e-7
0.1855	,1429.999999998482,8.682655243819561e-7
0.1856	,1429.999999998484,8.670950046516642e-7
0.1857	,1429.9999999984861,8.659244849213721e-7
0.1858	,1429.9999999984882,8.647539651910801e-7
0.1859	,1429.9999999984905,8.634533877129779e-7
0.186	,1429.9999999984925,8.622828679826858e-7
0.1861	,1429.9999999984946,8.611123482523938e-7
0.1862	,1429.9999999984966,8.599418285221019e-7
0.1863	,1429.9999999984987,8.587713087918099e-7
0.1864	,1429.999999998501,8.574707313137076e-7
0.1865	,1429.999999998503,8.563002115834156e-7
0.1866	,1429.999999998505,8.551296918531235e-7
0.1867	,1429.999999998507,8.539591721228314e-7
0.1868	,1429.999999998509,8.527886523925396e-7
0.1869	,1429.9999999985114,8.514880749144374e-7
0.187	,1429.9999999985134,8.503175551841453e-7
0.1871	,1429.9999999985155,8.491470354538532e-7
0.1872	,1429.9999999985175,8.479765157235611e-7
0.1873	,1429.9999999985196,8.46805995993269e-7
0.1874	,1429.9999999985218,8.455054185151668e-7
0.1875	,1429.999999998524,8.443348987848748e-7
0.1876	,1429.999999998526,8.431643790545827e-7
0.1877	,1429.999999998528,8.419938593242906e-7
0.1878	,1429.99999999853,8.408233395939985e-7
0.1879	,1429.999999998532,8.396528198637064e-7
0.188	,1429.9999999985343,8.383522423856041e-7
0.1881	,1429.9999999985364,8.371817226553122e-7
0.1882	,1429.9999999985384,8.360112029250201e-7
0.1883	,1429.9999999985405,8.348406831947279e-7
0.1884	,1429.9999999985425,8.336701634644358e-7
0.1885	,1429.9999999985448,8.323695859863335e-7
0.1886	,1429.9999999985469,8.311990662560414e-7
0.1887	,1429.999999998549,8.300285465257494e-7
0.1888	,1429.999999998551,8.288580267954573e-7
0.1889	,1429.999999998553,8.276875070651651e-7
0.189	,1429.9999999985553,8.263869295870628e-7
0.1891	,1429.9999999985573,8.252164098567707e-7
0.1892	,1429.9999999985594,8.240458901264785e-7
0.1893	,1429.9999999985614,8.228753703961865e-7
0.1894	,1429.9999999985635,8.217048506658944e-7
0.1895	,1429.9999999985657,8.20404273187792e-7
0.1896	,1429.9999999985678,8.192337534574999e-7
0.1897	,1429.9999999985698,8.180632337272077e-7
0.1898	,1429.9999999985719,8.168927139969155e-7
0.1899	,1429.999999998574,8.157221942666235e-7
0.19	,1429.9999999985762,8.144216167885211e-7
0.1901	,1429.9999999985782,8.13251097058229e-7
0.1902	,1429.9999999985803,8.120805773279368e-7
0.1903	,1429.9999999985823,8.109100575976446e-7
0.1904	,1429.9999999985844,8.097395378673524e-7
0.1905	,1429.9999999985866,8.0843896038925e-7
0.1906	,1429.9999999985887,8.07268440658958e-7
0.1907	,1429.9999999985907,8.060979209286658e-7
0.1908	,1429.9999999985928,8.049274011983736e-7
0.1909	,1429.9999999985948,8.037568814680814e-7
0.191	,1429.9999999985969,8.025863617377892e-7
0.1911	,1429.9999999985992,8.012857842596868e-7
0.1912	,1429.9999999986012,8.001152645293947e-7
0.1913	,1429.9999999986032,7.989447447991025e-7
0.1914	,1429.9999999986053,7.977742250688103e-7
0.1915	,1429.9999999986073,7.966037053385181e-7
0.1916	,1429.9999999986096,7.953031278604157e-7
0.1917	,1429.9999999986117,7.941326081301234e-7
0.1918	,1429.9999999986137,7.929620883998313e-7
0.1919	,1429.9999999986157,7.917915686695391e-7
0.192	,1429.9999999986178,7.906210489392469e-7
0.1921	,1429.99999999862,7.893204714611444e-7
0.1922	,1429.9999999986221,7.881499517308522e-7
0.1923	,1429.9999999986242,7.869794320005599e-7
0.1924	,1429.9999999986262,7.858089122702678e-7
0.1925	,1429.9999999986283,7.846383925399756e-7
0.1926	,1429.9999999986305,7.83337815061873e-7
0.1927	,1429.9999999986326,7.821672953315808e-7
0.1928	,1429.9999999986346,7.809967756012885e-7
0.1929	,1429.9999999986367,7.798262558709962e-7
0.193	,1429.9999999986387,7.786557361407041e-7
0.1931	,1429.999999998641,7.773551586626016e-7
0.1932	,1429.999999998643,7.761846389323094e-7
0.1933	,1429.999999998645,7.750141192020171e-7
0.1934	,1429.9999999986471,7.738435994717248e-7
0.1935	,1429.9999999986492,7.726730797414325e-7
0.1936	,1429.9999999986512,7.715025600111404e-7
0.1937	,1429.9999999986535,7.702019825330379e-7
0.1938	,1429.9999999986555,7.690314628027456e-7
0.1939	,1429.9999999986576,7.678609430724533e-7
0.194	,1429.9999999986596,7.66690423342161e-7
0.1941	,1429.9999999986617,7.655199036118687e-7
0.1942	,1429.999999998664,7.642193261337661e-7
0.1943	,1429.999999998666,7.630488064034739e-7
0.1944	,1429.999999998668,7.618782866731816e-7
0.1945	,1429.99999999867,7.607077669428893e-7
0.1946	,1429.9999999986721,7.59537247212597e-7
0.1947	,1429.9999999986744,7.582366697344944e-7
0.1948	,1429.9999999986765,7.570661500042021e-7
0.1949	,1429.9999999986785,7.558956302739099e-7
0.195	,1429.9999999986806,7.547251105436176e-7
0.1951	,1429.9999999986826,7.535545908133252e-7
0.1952	,1429.9999999986849,7.522540133352226e-7
0.1953	,1429.999999998687,7.510834936049302e-7
0.1954	,1429.999999998689,7.499129738746379e-7
0.1955	,1429.999999998691,7.487424541443457e-7
0.1956	,1429.999999998693,7.475719344140533e-7
0.1957	,1429.9999999986953,7.462713569359508e-7
0.1958	,1429.9999999986974,7.451008372056584e-7
0.1959	,1429.9999999986994,7.439303174753661e-7
0.196	,1429.9999999987015,7.427597977450737e-7
0.1961	,1429.9999999987035,7.415892780147815e-7
0.1962	,1429.9999999987058,7.402887005366788e-7
0.1963	,1429.9999999987078,7.391181808063864e-7
0.1964	,1429.9999999987099,7.37947661076094e-7
0.1965	,1429.999999998712,7.367771413458016e-7
0.1966	,1429.999999998714,7.356066216155093e-7
0.1967	,1429.999999998716,7.34436101885217e-7
0.1968	,1429.9999999987183,7.331355244071143e-7
0.1969	,1429.9999999987203,7.319650046768219e-7
0.197	,1429.9999999987224,7.307944849465295e-7
0.1971	,1429.9999999987244,7.296239652162371e-7
0.1972	,1429.9999999987265,7.284534454859447e-7
0.1973	,1429.9999999987288,7.271528680078421e-7
0.1974	,1429.9999999987308,7.259823482775498e-7
0.1975	,1429.9999999987328,7.248118285472573e-7
0.1976	,1429.999999998735,7.236413088169649e-7
0.1977	,1429.999999998737,7.224707890866725e-7
0.1978	,1429.9999999987392,7.211702116085698e-7
0.1979	,1429.9999999987413,7.199996918782774e-7
0.198	,1429.9999999987433,7.188291721479851e-7
0.1981	,1429.9999999987454,7.176586524176927e-7
0.1982	,1429.9999999987474,7.164881326874001e-7
0.1983	,1429.9999999987497,7.151875552092975e-7
0.1984	,1429.9999999987517,7.14017035479005e-7
0.1985	,1429.9999999987538,7.128465157487126e-7
0.1986	,1429.9999999987558,7.116759960184203e-7
0.1987	,1429.9999999987579,7.105054762881278e-7
0.1988	,1429.9999999987601,7.09204898810025e-7
0.1989	,1429.9999999987622,7.080343790797326e-7
0.199	,1429.9999999987642,7.068638593494401e-7
0.1991	,1429.9999999987663,7.056933396191477e-7
0.1992	,1429.9999999987683,7.045228198888553e-7
0.1993	,1429.9999999987704,7.033523001585629e-7
0.1994	,1429.9999999987726,7.020517226804601e-7
0.1995	,1429.9999999987747,7.008812029501676e-7
0.1996	,1429.9999999987767,6.997106832198751e-7
0.1997	,1429.9999999987788,6.985401634895826e-7
0.1998	,1429.9999999987808,6.973696437592903e-7
0.1999	,1429.999999998783,6.960690662811874e-7
0.2	,1429.9999999987851,6.94898546550895e-7
0.2001	,1429.9999999987872,6.937280268206025e-7
0.2002	,1429.9999999987892,6.9255750709031e-7
0.2003	,1429.9999999987913,6.913869873600175e-7
0.2004	,1429.9999999987936,6.900864098819146e-7
0.2005	,1429.9999999987956,6.889158901516222e-7
0.2006	,1429.9999999987976,6.877453704213297e-7
0.2007	,1429.9999999987997,6.865748506910372e-7
0.2008	,1429.9999999988017,6.854043309607447e-7
0.2009	,1429.999999998804,6.841037534826418e-7
0.201	,1429.999999998806,6.829332337523493e-7
0.2011	,1429.999999998808,6.817627140220569e-7
0.2012	,1429.9999999988102,6.805921942917644e-7
0.2013	,1429.9999999988122,6.794216745614718e-7
0.2014	,1429.9999999988145,6.78121097083369e-7
0.2015	,1429.9999999988165,6.769505773530764e-7
0.2016	,1429.9999999988186,6.757800576227839e-7
0.2017	,1429.9999999988206,6.746095378924915e-7
0.2018	,1429.9999999988227,6.734390181621988e-7
0.2019	,1429.999999998825,6.72138440684096e-7
0.202	,1429.999999998827,6.709679209538035e-7
0.2021	,1429.999999998829,6.697974012235108e-7
0.2022	,1429.999999998831,6.686268814932183e-7
0.2023	,1429.9999999988331,6.674563617629258e-7
0.2024	,1429.9999999988352,6.662858420326333e-7
0.2025	,1429.9999999988374,6.649852645545303e-7
0.2026	,1429.9999999988395,6.638147448242378e-7
0.2027	,1429.9999999988415,6.626442250939452e-7
0.2028	,1429.9999999988436,6.614737053636526e-7
0.2029	,1429.9999999988456,6.603031856333602e-7
0.203	,1429.999999998848,6.590026081552572e-7
0.2031	,1429.99999999885,6.578320884249646e-7
0.2032	,1429.999999998852,6.56661568694672e-7
0.2033	,1429.999999998854,6.554910489643793e-7
0.2034	,1429.999999998856,6.543205292340867e-7
0.2035	,1429.9999999988584,6.530199517559839e-7
0.2036	,1429.9999999988604,6.518494320256914e-7
0.2037	,1429.9999999988624,6.506789122953987e-7
0.2038	,1429.9999999988645,6.495083925651061e-7
0.2039	,1429.9999999988665,6.483378728348135e-7
0.204	,1429.9999999988688,6.470372953567105e-7
0.2041	,1429.9999999988709,6.458667756264179e-7
0.2042	,1429.999999998873,6.446962558961254e-7
0.2043	,1429.999999998875,6.435257361658327e-7
0.2044	,1429.999999998877,6.423552164355401e-7
0.2045	,1429.9999999988793,6.410546389574371e-7
0.2046	,1429.9999999988813,6.398841192271445e-7
0.2047	,1429.9999999988834,6.387135994968518e-7
0.2048	,1429.9999999988854,6.375430797665592e-7
0.2049	,1429.9999999988875,6.363725600362666e-7
0.205	,1429.9999999988895,6.352020403059739e-7
0.2051	,1429.9999999988918,6.339014628278709e-7
0.2052	,1429.9999999988938,6.327309430975783e-7
0.2053	,1429.9999999988959,6.315604233672856e-7
0.2054	,1429.999999998898,6.303899036369931e-7
0.2055	,1429.9999999989,6.292193839067003e-7
0.2056	,1429.9999999989022,6.279188064285974e-7
0.2057	,1429.9999999989043,6.267482866983047e-7
0.2058	,1429.9999999989063,6.255777669680119e-7
0.2059	,1429.9999999989084,6.244072472377192e-7
0.206	,1429.9999999989104,6.232367275074267e-7
0.2061	,1429.9999999989127,6.219361500293236e-7
0.2062	,1429.9999999989147,6.207656302990309e-7
0.2063	,1429.9999999989168,6.195951105687382e-7
0.2064	,1429.9999999989188,6.184245908384454e-7
0.2065	,1429.9999999989209,6.172540711081527e-7
0.2066	,1429.9999999989232,6.159534936300498e-7
0.2067	,1429.9999999989252,6.147829738997571e-7
0.2068	,1429.9999999989273,6.136124541694644e-7
0.2069	,1429.9999999989293,6.124419344391717e-7
0.207	,1429.9999999989313,6.11271414708879e-7
0.2071	,1429.9999999989336,6.099708372307759e-7
0.2072	,1429.9999999989357,6.088003175004832e-7
0.2073	,1429.9999999989377,6.076297977701904e-7
0.2074	,1429.9999999989398,6.064592780398977e-7
0.2075	,1429.9999999989418,6.05288758309605e-7
0.2076	,1429.999999998944,6.039881808315019e-7
0.2077	,1429.9999999989461,6.028176611012092e-7
0.2078	,1429.9999999989482,6.016471413709164e-7
0.2079	,1429.9999999989502,6.004766216406237e-7
0.208	,1429.9999999989523,5.993061019103309e-7
0.2081	,1429.9999999989543,5.981355821800382e-7
0.2082	,1429.9999999989566,5.968350047019351e-7
0.2083	,1429.9999999989586,5.956644849716423e-7
0.2084	,1429.9999999989607,5.944939652413496e-7
0.2085	,1429.9999999989627,5.933234455110568e-7
0.2086	,1429.9999999989648,5.92152925780764e-7
0.2087	,1429.999999998967,5.908523483026609e-7
0.2088	,1429.999999998969,5.896818285723681e-7
0.2089	,1429.9999999989711,5.885113088420754e-7
0.209	,1429.9999999989732,5.873407891117825e-7
0.2091	,1429.9999999989752,5.861702693814898e-7
0.2092	,1429.9999999989775,5.848696919033868e-7
0.2093	,1429.9999999989795,5.836991721730939e-7
0.2094	,1429.9999999989816,5.825286524428011e-7
0.2095	,1429.9999999989836,5.813581327125082e-7
0.2096	,1429.9999999989857,5.801876129822154e-7
0.2097	,1429.999999998988,5.788870355041122e-7
0.2098	,1429.99999999899,5.777165157738195e-7
0.2099	,1429.999999998992,5.765459960435267e-7
0.21	,1429.999999998994,5.753754763132339e-7
0.2101	,1429.9999999989961,5.74204956582941e-7
0.2102	,1429.9999999989984,5.729043791048379e-7
0.2103	,1429.9999999990005,5.71733859374545e-7
0.2104	,1429.9999999990025,5.705633396442523e-7
0.2105	,1429.9999999990046,5.693928199139594e-7
0.2106	,1429.9999999990066,5.682223001836665e-7
0.2107	,1429.9999999990087,5.670517804533737e-7
0.2108	,1429.999999999011,5.657512029752705e-7
0.2109	,1429.999999999013,5.645806832449776e-7
0.211	,1429.999999999015,5.634101635146848e-7
0.2111	,1429.999999999017,5.622396437843919e-7
0.2112	,1429.999999999019,5.610691240540991e-7
0.2113	,1429.9999999990214,5.597685465759959e-7
0.2114	,1429.9999999990234,5.58598026845703e-7
0.2115	,1429.9999999990255,5.5742750711541e-7
0.2116	,1429.9999999990275,5.562569873851173e-7
0.2117	,1429.9999999990296,5.550864676548244e-7
0.2118	,1429.9999999990318,5.537858901767212e-7
0.2119	,1429.999999999034,5.526153704464283e-7
0.212	,1429.999999999036,5.514448507161353e-7
0.2121	,1429.999999999038,5.502743309858424e-7
0.2122	,1429.99999999904,5.491038112555496e-7
0.2123	,1429.9999999990423,5.478032337774464e-7
0.2124	,1429.9999999990443,5.466327140471534e-7
0.2125	,1429.9999999990464,5.454621943168605e-7
0.2126	,1429.9999999990484,5.442916745865676e-7
0.2127	,1429.9999999990505,5.431211548562746e-7
0.2128	,1429.9999999990528,5.418205773781715e-7
0.2129	,1429.9999999990548,5.406500576478786e-7
0.213	,1429.9999999990569,5.394795379175856e-7
0.2131	,1429.999999999059,5.383090181872926e-7
0.2132	,1429.999999999061,5.371384984569997e-7
0.2133	,1429.9999999990632,5.358379209788964e-7
0.2134	,1429.9999999990653,5.346674012486035e-7
0.2135	,1429.9999999990673,5.334968815183107e-7
0.2136	,1429.9999999990694,5.323263617880177e-7
0.2137	,1429.9999999990714,5.311558420577247e-7
0.2138	,1429.9999999990735,5.299853223274317e-7
0.2139	,1429.9999999990757,5.286847448493285e-7
0.214	,1429.9999999990778,5.275142251190354e-7
0.2141	,1429.9999999990798,5.263437053887426e-7
0.2142	,1429.9999999990819,5.251731856584495e-7
0.2143	,1429.999999999084,5.240026659281566e-7
0.2144	,1429.9999999990862,5.227020884500533e-7
0.2145	,1429.9999999990882,5.215315687197603e-7
0.2146	,1429.9999999990903,5.203610489894673e-7
0.2147	,1429.9999999990923,5.191905292591744e-7
0.2148	,1429.9999999990944,5.180200095288813e-7
0.2149	,1429.9999999990966,5.167194320507781e-7
0.215	,1429.9999999990987,5.15548912320485e-7
0.2151	,1429.9999999991007,5.14378392590192e-7
0.2152	,1429.9999999991028,5.132078728598989e-7
0.2153	,1429.9999999991048,5.120373531296061e-7
0.2154	,1429.999999999107,5.107367756515027e-7
0.2155	,1429.9999999991091,5.095662559212097e-7
0.2156	,1429.9999999991112,5.083957361909166e-7
0.2157	,1429.9999999991132,5.072252164606236e-7
0.2158	,1429.9999999991153,5.060546967303305e-7
0.2159	,1429.9999999991176,5.047541192522272e-7
0.216	,1429.9999999991196,5.035835995219342e-7
0.2161	,1429.9999999991217,5.024130797916412e-7
0.2162	,1429.9999999991237,5.012425600613481e-7
0.2163	,1429.9999999991257,5.000720403310551e-7
0.2164	,1429.9999999991278,4.98901520600762e-7
0.2165	,1429.99999999913,4.976009431226587e-7
0.2166	,1429.9999999991321,4.964304233923656e-7
0.2167	,1429.9999999991342,4.952599036620726e-7
0.2168	,1429.9999999991362,4.940893839317795e-7
0.2169	,1429.9999999991383,4.929188642014865e-7
0.217	,1429.9999999991405,4.91618286723383e-7
0.2171	,1429.9999999991426,4.9044776699309e-7
0.2172	,1429.9999999991446,4.892772472627969e-7
0.2173	,1429.9999999991467,4.881067275325039e-7
0.2174	,1429.9999999991487,4.869362078022107e-7
0.2175	,1429.999999999151,4.856356303241073e-7
0.2176	,1429.999999999153,4.844651105938142e-7
0.2177	,1429.999999999155,4.832945908635211e-7
0.2178	,1429.9999999991571,4.821240711332281e-7
0.2179	,1429.9999999991592,4.80953551402935e-7
0.218	,1429.9999999991614,4.796529739248316e-7
0.2181	,1429.9999999991635,4.784824541945384e-7
0.2182	,1429.9999999991655,4.773119344642453e-7
0.2183	,1429.9999999991676,4.7614141473395216e-7
0.2184	,1429.9999999991696,4.7497089500365917e-7
0.2185	,1429.999999999172,4.736703175255557e-7
0.2186	,1429.999999999174,4.7249979779526254e-7
0.2187	,1429.999999999176,4.713292780649694e-7
0.2188	,1429.999999999178,4.701587583346763e-7
0.2189	,1429.99999999918,4.6898823860438313e-7
0.219	,1429.9999999991824,4.6768766112627966e-7
0.2191	,1429.9999999991844,4.6651714139598656e-7
0.2192	,1429.9999999991865,4.653466216656934e-7
0.2193	,1429.9999999991885,4.6417610193540025e-7
0.2194	,1429.9999999991905,4.630055822051071e-7
0.2195	,1429.9999999991926,4.6183506247481395e-7
0.2196	,1429.9999999991949,4.605344849967104e-7
0.2197	,1429.999999999197,4.5936396526641737e-7
0.2198	,1429.999999999199,4.5819344553612416e-7
0.2199	,1429.999999999201,4.57022925805831e-7
0.22	,1429.999999999203,4.558524060755378e-7
0.2201	,1429.9999999992053,4.5455182859743427e-7
0.2202	,1429.9999999992074,4.5338130886714107e-7
0.2203	,1429.9999999992094,4.5221078913684797e-7
0.2204	,1429.9999999992115,4.5104026940655476e-7
0.2205	,1429.9999999992135,4.4986974967626156e-7
0.2206	,1429.9999999992158,4.48569172198158e-7
0.2207	,1429.9999999992178,4.473986524678648e-7
0.2208	,1429.9999999992199,4.462281327375716e-7
0.2209	,1429.999999999222,4.450576130072785e-7
0.221	,1429.999999999224,4.4388709327698526e-7
0.2211	,1429.9999999992262,4.425865157988817e-7
0.2212	,1429.9999999992283,4.4141599606858847e-7
0.2213	,1429.9999999992303,4.4024547633829526e-7
0.2214	,1429.9999999992324,4.3907495660800205e-7
0.2215	,1429.9999999992344,4.379044368777089e-7
0.2216	,1429.9999999992367,4.366038593996053e-7
0.2217	,1429.9999999992388,4.3543333966931206e-7
0.2218	,1429.9999999992408,4.342628199390188e-7
0.2219	,1429.9999999992428,4.3309230020872554e-7
0.222	,1429.999999999245,4.3192178047843234e-7
0.2221	,1429.999999999247,4.3075126074813913e-7
0.2222	,1429.9999999992492,4.2945068327003555e-7
0.2223	,1429.9999999992513,4.282801635397423e-7
0.2224	,1429.9999999992533,4.2710964380944903e-7
0.2225	,1429.9999999992554,4.2593912407915577e-7
0.2226	,1429.9999999992574,4.2476860434886246e-7
0.2227	,1429.9999999992597,4.234680268707589e-7
0.2228	,1429.9999999992617,4.2229750714046567e-7
0.2229	,1429.9999999992638,4.2112698741017236e-7
0.223	,1429.9999999992658,4.199564676798791e-7
0.2231	,1429.9999999992679,4.187859479495858e-7
0.2232	,1429.9999999992701,4.1748537047148215e-7
0.2233	,1429.9999999992722,4.1631485074118884e-7
0.2234	,1429.9999999992742,4.1514433101089563e-7
0.2235	,1429.9999999992763,4.139738112806023e-7
0.2236	,1429.9999999992783,4.1280329155030906e-7
0.2237	,1429.9999999992806,4.115027140722054e-7
0.2238	,1429.9999999992826,4.1033219434191206e-7
0.2239	,1429.9999999992847,4.0916167461161875e-7
0.224	,1429.9999999992867,4.079911548813255e-7
0.2241	,1429.9999999992888,4.068206351510322e-7
0.2242	,1429.999999999291,4.055200576729285e-7
0.2243	,1429.999999999293,4.043495379426352e-7
0.2244	,1429.9999999992951,4.0317901821234187e-7
0.2245	,1429.9999999992972,4.020084984820485e-7
0.2246	,1429.9999999992992,4.0083797875175525e-7
0.2247	,1429.9999999993015,3.9953740127365155e-7
0.2248	,1429.9999999993036,3.983668815433582e-7
0.2249	,1429.9999999993056,3.971963618130649e-7
0.225	,1429.9999999993076,3.960258420827715e-7
0.2251	,1429.9999999993097,3.9485532235247815e-7
0.2252	,1429.9999999993117,3.936848026221849e-7
0.2253	,1429.999999999314,3.9238422514408115e-7
0.2254	,1429.999999999316,3.912137054137878e-7
0.2255	,1429.999999999318,3.900431856834944e-7
0.2256	,1429.9999999993202,3.8887266595320106e-7
0.2257	,1429.9999999993222,3.8770214622290764e-7
0.2258	,1429.9999999993245,3.864015687448039e-7
0.2259	,1429.9999999993265,3.8523104901451064e-7
0.226	,1429.9999999993286,3.840605292842172e-7
0.2261	,1429.9999999993306,3.8289000955392386e-7
0.2262	,1429.9999999993327,3.8171948982363044e-7
0.2263	,1429.999999999335,3.804189123455267e-7
0.2264	,1429.999999999337,3.792483926152333e-7
0.2265	,1429.999999999339,3.7807787288493997e-7
0.2266	,1429.999999999341,3.7690735315464655e-7
0.2267	,1429.9999999993431,3.7573683342435313e-7
0.2268	,1429.9999999993454,3.7443625594624933e-7
0.2269	,1429.9999999993474,3.732657362159559e-7
0.227	,1429.9999999993495,3.720952164856625e-7
0.2271	,1429.9999999993515,3.709246967553692e-7
0.2272	,1429.9999999993536,3.697541770250757e-7
0.2273	,1429.9999999993559,3.684535995469719e-7
0.2274	,1429.999999999358,3.672830798166785e-7
0.2275	,1429.99999999936,3.661125600863851e-7
0.2276	,1429.999999999362,3.649420403560916e-7
0.2277	,1429.999999999364,3.6377152062579825e-7
0.2278	,1429.9999999993663,3.6247094314769446e-7
0.2279	,1429.9999999993684,3.61300423417401e-7
0.228	,1429.9999999993704,3.601299036871075e-7
0.2281	,1429.9999999993724,3.589593839568141e-7
0.2282	,1429.9999999993745,3.5778886422652063e-7
0.2283	,1429.9999999993765,3.566183444962272e-7
0.2284	,1429.9999999993788,3.553177670181234e-7
0.2285	,1429.9999999993809,3.5414724728782995e-7
0.2286	,1429.999999999383,3.529767275575364e-7
0.2287	,1429.999999999385,3.5180620782724295e-7
0.2288	,1429.999999999387,3.506356880969495e-7
0.2289	,1429.9999999993893,3.4933511061884563e-7
0.229	,1429.9999999993913,3.481645908885522e-7
0.2291	,1429.9999999993934,3.469940711582587e-7
0.2292	,1429.9999999993954,3.458235514279652e-7
0.2293	,1429.9999999993975,3.446530316976717e-7
0.2294	,1429.9999999993997,3.4335245421956785e-7
0.2295	,1429.9999999994018,3.4218193448927433e-7
0.2296	,1429.9999999994038,3.410114147589809e-7
0.2297	,1429.9999999994059,3.398408950286874e-7
0.2298	,1429.999999999408,3.3867037529839386e-7
0.2299	,1429.9999999994102,3.3736979782028996e-7
0.23	,1429.9999999994122,3.3619927808999644e-7
0.2301	,1429.9999999994143,3.350287583597029e-7
0.2302	,1429.9999999994163,3.3385823862940944e-7
0.2303	,1429.9999999994184,3.326877188991159e-7
0.2304	,1429.9999999994207,3.31387141421012e-7
0.2305	,1429.9999999994227,3.302166216907185e-7
0.2306	,1429.9999999994247,3.290461019604249e-7
0.2307	,1429.9999999994268,3.278755822301314e-7
0.2308	,1429.9999999994288,3.2670506249983793e-7
0.2309	,1429.9999999994309,3.2553454276954435e-7
0.231	,1429.9999999994332,3.2423396529144045e-7
0.2311	,1429.9999999994352,3.2306344556114687e-7
0.2312	,1429.9999999994373,3.218929258308533e-7
0.2313	,1429.9999999994393,3.207224061005597e-7
0.2314	,1429.9999999994413,3.1955188637026625e-7
0.2315	,1429.9999999994436,3.182513088921623e-7
0.2316	,1429.9999999994457,3.170807891618687e-7
0.2317	,1429.9999999994477,3.1591026943157514e-7
0.2318	,1429.9999999994498,3.147397497012815e-7
0.2319	,1429.9999999994518,3.1356922997098794e-7
0.232	,1429.999999999454,3.12268652492884e-7
0.2321	,1429.9999999994561,3.1109813276259046e-7
0.2322	,1429.9999999994582,3.0992761303229683e-7
0.2323	,1429.9999999994602,3.0875709330200325e-7
0.2324	,1429.9999999994623,3.075865735717096e-7
0.2325	,1429.9999999994645,3.0628599609360567e-7
0.2326	,1429.9999999994666,3.0511547636331204e-7
0.2327	,1429.9999999994686,3.0394495663301846e-7
0.2328	,1429.9999999994707,3.027744369027249e-7
0.2329	,1429.9999999994727,3.0160391717243126e-7
0.233	,1429.999999999475,3.0030333969432725e-7
0.2331	,1429.999999999477,2.991328199640336e-7
0.2332	,1429.999999999479,2.9796230023374e-7
0.2333	,1429.9999999994811,2.967917805034464e-7
0.2334	,1429.9999999994832,2.956212607731528e-7
0.2335	,1429.9999999994855,2.9432068329504873e-7
0.2336	,1429.9999999994875,2.931501635647551e-7
0.2337	,1429.9999999994895,2.9197964383446147e-7
0.2338	,1429.9999999994916,2.908091241041678e-7
0.2339	,1429.9999999994936,2.896386043738742e-7
0.234	,1429.9999999994957,2.8846808464358053e-7
0.2341	,1429.999999999498,2.8716750716547647e-7
0.2342	,1429.9999999995,2.8599698743518284e-7
0.2343	,1430,2.8482646770488916e-7
0.2344	,1430,2.836559479745955e-7
0.2345	,1430,2.824854282443019e-7
0.2346	,1430,2.811848507661978e-7
0.2347	,1430,2.800143310359041e-7
0.2348	,1430,2.788438113056104e-7
0.2349	,1430,2.7767329157531674e-7
0.235	,1430,2.7650277184502306e-7
0.2351	,1430,2.7520219436691894e-7
0.2352	,1430,2.740316746366253e-7
0.2353	,1430,2.7286115490633163e-7
0.2354	,1430,2.716906351760379e-7
0.2355	,1430,2.705201154457442e-7
0.2356	,1430,2.692195379676401e-7
0.2357	,1430,2.6804901823734637e-7
0.2358	,1430,2.6687849850705274e-7
0.2359	,1430,2.65707978776759e-7
0.236	,1430,2.6453745904646527e-7
0.2361	,1430,2.6323688156836115e-7
0.2362	,1430,2.620663618380674e-7
0.2363	,1430,2.608958421077737e-7
0.2364	,1430,2.5972532237748e-7
0.2365	,1430,2.5855480264718627e-7
0.2366	,1430,2.573842829168925e-7
0.2367	,1430,2.5608370543878837e-7
0.2368	,1430,2.549131857084946e-7
0.2369	,1430,2.5374266597820084e-7
0.237	,1430,2.5257214624790716e-7
0.2371	,1430,2.514016265176134e-7
0.2372	,1430,2.501010490395092e-7
0.2373	,1430,2.489305293092154e-7
0.2374	,1430,2.477600095789217e-7
0.2375	,1430,2.465894898486279e-7
0.2376	,1430,2.4541897011833416e-7
0.2377	,1430,2.4411839264023e-7
0.2378	,1430,2.429478729099362e-7
0.2379	,1430,2.417773531796424e-7
0.238	,1430,2.406068334493486e-7
0.2381	,1430,2.394363137190548e-7
0.2382	,1430,2.381357362409506e-7
0.2383	,1430,2.3696521651065684e-7
0.2384	,1430,2.3579469678036305e-7
0.2385	,1430,2.3462417705006923e-7
0.2386	,1430,2.3345365731977542e-7
0.2387	,1430,2.3215307984167117e-7
0.2388	,1430,2.3098256011137736e-7
0.2389	,1430,2.298120403810836e-7
0.239	,1430,2.2864152065078976e-7
0.2391	,1430,2.2747100092049594e-7
0.2392	,1430,2.261704234423917e-7
0.2393	,1430,2.2499990371209785e-7
0.2394	,1430,2.2382938398180401e-7
0.2395	,1430,2.226588642515102e-7
0.2396	,1430,2.2148834452121636e-7
0.2397	,1430,2.2031782479092252e-7
0.2398	,1430,2.1901724731281825e-7
0.2399	,1430,2.1784672758252438e-7
0.24	,1430,2.1667620785223054e-7
0.2401	,1430,2.1550568812193672e-7
0.2402	,1430,2.1433516839164286e-7
0.2403	,1430,2.1303459091353856e-7
0.2404	,1430,2.118640711832447e-7
0.2405	,1430,2.106935514529508e-7
0.2406	,1430,2.0952303172265693e-7
0.2407	,1430,2.083525119923631e-7
0.2408	,1430,2.0705193451425876e-7
0.2409	,1430,2.058814147839649e-7
0.241	,1430,2.04710895053671e-7
0.2411	,1430,2.035403753233771e-7
0.2412	,1430,2.023698555930832e-7
0.2413	,1430,2.0106927811497886e-7
0.2414	,1430,1.99898758384685e-7
0.2415	,1430,1.987282386543911e-7
0.2416	,1430,1.9755771892409718e-7
0.2417	,1430,1.9638719919380326e-7
0.2418	,1430,1.950866217156989e-7
0.2419	,1430,1.93916101985405e-7
0.242	,1430,1.927455822551111e-7
0.2421	,1430,1.9157506252481717e-7
0.2422	,1430,1.9040454279452323e-7
0.2423	,1430,1.892340230642293e-7
0.2424	,1430,1.8793344558612493e-7
0.2425	,1430,1.8676292585583098e-7
0.2426	,1430,1.855924061255371e-7
0.2427	,1430,1.8442188639524311e-7
0.2428	,1430,1.8325136666494917e-7
0.2429	,1430,1.819507891868448e-7
0.243	,1430,1.8078026945655082e-7
0.2431	,1430,1.7960974972625687e-7
0.2432	,1430,1.7843922999596292e-7
0.2433	,1430,1.7726871026566895e-7
0.2434	,1430,1.7596813278756454e-7
0.2435	,1430,1.7479761305727057e-7
0.2436	,1430,1.736270933269766e-7
0.2437	,1430,1.724565735966826e-7
0.2438	,1430,1.7128605386638865e-7
0.2439	,1430,1.6998547638828422e-7
0.244	,1430,1.6881495665799022e-7
0.2441	,1430,1.6764443692769622e-7
0.2442	,1430,1.6647391719740222e-7
0.2443	,1430,1.6530339746710822e-7
0.2444	,1430,1.640028199890038e-7
0.2445	,1430,1.628323002587098e-7
0.2446	,1430,1.616617805284158e-7
0.2447	,1430,1.6049126079812177e-7
0.2448	,1430,1.5932074106782774e-7
0.2449	,1430,1.5802016358972328e-7
0.245	,1430,1.5684964385942925e-7
0.2451	,1430,1.5567912412913526e-7
0.2452	,1430,1.545086043988412e-7
0.2453	,1430,1.5333808466854718e-7
0.2454	,1430,1.5216756493825312e-7
0.2455	,1430,1.5086698746014864e-7
0.2456	,1430,1.496964677298546e-7
0.2457	,1430,1.485259479995606e-7
0.2458	,1430,1.4735542826926654e-7
0.2459	,1430,1.4618490853897246e-7
0.246	,1430,1.4488433106086794e-7
0.2461	,1430,1.437138113305739e-7
0.2462	,1430,1.4254329160027981e-7
0.2463	,1430,1.413727718699858e-7
0.2464	,1430,1.402022521396917e-7
0.2465	,1430,1.3890167466158717e-7
0.2466	,1430,1.377311549312931e-7
0.2467	,1430,1.36560635200999e-7
0.2468	,1430,1.353901154707049e-7
0.2469	,1430,1.3421959574041086e-7
0.247	,1430,1.3291901826230632e-7
0.2471	,1430,1.317484985320122e-7
0.2472	,1430,1.305779788017181e-7
0.2473	,1430,1.29407459071424e-7
0.2474	,1430,1.282369393411299e-7
0.2475	,1430,1.2693636186302533e-7
0.2476	,1430,1.2576584213273123e-7
0.2477	,1430,1.2459532240243712e-7
0.2478	,1430,1.23424802672143e-7
0.2479	,1430,1.2225428294184888e-7
0.248	,1430,1.2108376321155475e-7
0.2481	,1430,1.1978318573345016e-7
0.2482	,1430,1.1861266600315604e-7
0.2483	,1430,1.174421462728619e-7
0.2484	,1430,1.1627162654256777e-7
0.2485	,1430,1.1510110681227361e-7
0.2486	,1430,1.13800529334169e-7
0.2487	,1430,1.1263000960387486e-7
0.2488	,1430,1.1145948987358073e-7
0.2489	,1430,1.1028897014328655e-7
0.249	,1430,1.091184504129924e-7
0.2491	,1430,1.0781787293488778e-7
0.2492	,1430,1.0664735320459361e-7
0.2493	,1430,1.0547683347429944e-7
0.2494	,1430,1.0430631374400528e-7
0.2495	,1430,1.0313579401371109e-7
0.2496	,1430,1.0183521653560645e-7
0.2497	,1430,1.0066469680531226e-7
0.2498	,1430,9.949417707501808e-8
0.2499	,1430,9.832365734472388e-8
0.25	,1430,9.71531376144297e-8
0.2501	,1430,9.585256013632504e-8
0.2502	,1430,9.468204040603084e-8
0.2503	,1430,9.351152067573663e-8
0.2504	,1430,9.234100094544242e-8
0.2505	,1430,9.117048121514821e-8
0.2506	,1430,8.986990373704352e-8
0.2507	,1430,8.869938400674931e-8
0.2508	,1430,8.752886427645509e-8
0.2509	,1430,8.635834454616086e-8
0.251	,1430,8.518782481586664e-8
0.2511	,1430,8.40173050855724e-8
0.2512	,1430,8.27167276074677e-8
0.2513	,1430,8.154620787717348e-8
0.2514	,1430,8.037568814687923e-8
0.2515	,1430,7.920516841658498e-8
0.2516	,1430,7.803464868629073e-8
0.2517	,1430,7.6734071208186e-8
0.2518	,1430,7.556355147789175e-8
0.2519	,1430,7.43930317475975e-8
0.252	,1430,7.322251201730324e-8
0.2521	,1430,7.205199228700897e-8
0.2522	,1430,7.075141480890422e-8
0.2523	,1430,6.958089507860996e-8
0.2524	,1430,6.841037534831568e-8
0.2525	,1430,6.72398556180214e-8
0.2526	,1430,6.606933588772713e-8
0.2527	,1430,6.476875840962237e-8
0.2528	,1430,6.359823867932807e-8
0.2529	,1430,6.242771894903377e-8
0.253	,1430,6.125719921873948e-8
0.2531	,1430,6.008667948844519e-8
0.2532	,1430,5.878610201034041e-8
0.2533	,1430,5.76155822800461e-8
0.2534	,1430,5.6445062549751786e-8
0.2535	,1430,5.5274542819457475e-8
0.2536	,1430,5.410402308916316e-8
0.2537	,1430,5.293350335886884e-8
0.2538	,1430,5.163292588076404e-8
0.2539	,1430,5.0462406150469715e-8
0.254	,1430,4.929188642017538e-8
0.2541	,1430,4.812136668988105e-8
0.2542	,1430,4.6950846959586704e-8
0.2543	,1430,4.565026948148188e-8
0.2544	,1430,4.4479749751187544e-8
0.2545	,1430,4.33092300208932e-8
0.2546	,1430,4.2138710290598844e-8
0.2547	,1430,4.0968190560304494e-8
0.2548	,1430,3.966761308219965e-8
0.2549	,1430,3.849709335190529e-8
0.255	,1430,3.732657362161093e-8
0.2551	,1430,3.615605389131656e-8
0.2552	,1430,3.4985534161022184e-8
0.2553	,1430,3.368495668291733e-8
0.2554	,1430,3.2514436952622945e-8
0.2555	,1430,3.134391722232856e-8
0.2556	,1430,3.0173397492034185e-8
0.2557	,1430,2.9002877761739796e-8
0.2558	,1430,2.7702300283634917e-8
0.2559	,1430,2.653178055334052e-8
0.256	,1430,2.536126082304612e-8
0.2561	,1430,2.4190741092751717e-8
0.2562	,1430,2.3020221362457317e-8
0.2563	,1430,2.171964388435242e-8
0.2564	,1430,2.0809239649678983e-8
0.2565	,1430,2.0809239649678983e-8
0.2566	,1430,2.0809239649678983e-8
0.2567	,1430,2.0809239649678983e-8
0.2568	,1430,2.0809239649678983e-8
0.2569	,1430,2.0809239649678983e-8
0.257	,1430,2.0809239649678983e-8
0.2571	,1430,2.0809239649678983e-8
0.2572	,1430,2.0679181901868495e-8
0.2573	,1430,2.0679181901868495e-8
0.2574	,1430,2.0679181901868495e-8
0.2575	,1430,2.0679181901868495e-8
0.2576	,1430,2.0679181901868495e-8
0.2577	,1430,2.0679181901868495e-8
0.2578	,1430,2.0679181901868495e-8
0.2579	,1430,2.0679181901868495e-8
0.258	,1430,2.0679181901868495e-8
0.2581	,1430,2.0679181901868495e-8
0.2582	,1430,2.0679181901868495e-8
0.2583	,1430,2.0679181901868495e-8
0.2584	,1430,2.0679181901868495e-8
0.2585	,1430,2.0679181901868495e-8
0.2586	,1430,2.0549124154058006e-8
0.2587	,1430,2.0549124154058006e-8
0.2588	,1430,2.0549124154058006e-8
0.2589	,1430,2.0549124154058006e-8
0.259	,1430,2.0549124154058006e-8
0.2591	,1430,2.0549124154058006e-8
0.2592	,1430,2.0549124154058006e-8
0.2593	,1430,2.0549124154058006e-8
0.2594	,1430,2.0549124154058006e-8
0.2595	,1430,2.0549124154058006e-8
0.2596	,1430,2.0549124154058006e-8
0.2597	,1430,2.0549124154058006e-8
0.2598	,1430,2.0549124154058006e-8
0.2599	,1430,2.0549124154058006e-8
0.26	,1430,2.0419066406247517e-8
0.2601	,1430,2.0419066406247517e-8
0.2602	,1430,2.0419066406247517e-8
0.2603	,1430,2.0419066406247517e-8
0.2604	,1430,2.0419066406247517e-8
0.2605	,1430,2.0419066406247517e-8
0.2606	,1430,2.0419066406247517e-8
0.2607	,1430,2.0419066406247517e-8
0.2608	,1430,2.0419066406247517e-8
0.2609	,1430,2.0419066406247517e-8
0.261	,1430,2.0419066406247517e-8
0.2611	,1430,2.0419066406247517e-8
0.2612	,1430,2.0419066406247517e-8
0.2613	,1430,2.028900865843702e-8
0.2614	,1430,2.028900865843702e-8
0.2615	,1430,2.028900865843702e-8
0.2616	,1430,2.028900865843702e-8
0.2617	,1430,2.028900865843702e-8
0.2618	,1430,2.028900865843702e-8
0.2619	,1430,2.028900865843702e-8
0.262	,1430,2.028900865843702e-8
0.2621	,1430,2.028900865843702e-8
0.2622	,1430,2.028900865843702e-8
0.2623	,1430,2.028900865843702e-8
0.2624	,1430,2.028900865843702e-8
0.2625	,1430,2.028900865843702e-8
0.2626	,1430,2.028900865843702e-8
0.2627	,1430,2.0158950910626533e-8
0.2628	,1430,2.0158950910626533e-8
0.2629	,1430,2.0158950910626533e-8
0.263	,1430,2.0158950910626533e-8
0.2631	,1430,2.0158950910626533e-8
0.2632	,1430,2.0158950910626533e-8
0.2633	,1430,2.0158950910626533e-8
0.2634	,1430,2.0158950910626533e-8
0.2635	,1430,2.0158950910626533e-8
0.2636	,1430,2.0158950910626533e-8
0.2637	,1430,2.0158950910626533e-8
0.2638	,1430,2.0158950910626533e-8
0.2639	,1430,2.0158950910626533e-8
0.264	,1430,2.0028893162816044e-8
0.2641	,1430,2.0028893162816044e-8
0.2642	,1430,2.0028893162816044e-8
0.2643	,1430,2.0028893162816044e-8
0.2644	,1430,2.0028893162816044e-8
0.2645	,1430,2.0028893162816044e-8
0.2646	,1430,2.0028893162816044e-8
0.2647	,1430,2.0028893162816044e-8
0.2648	,1430,2.0028893162816044e-8
0.2649	,1430,2.0028893162816044e-8
0.265	,1430,2.0028893162816044e-8
0.2651	,1430,2.0028893162816044e-8
0.2652	,1430,2.0028893162816044e-8
0.2653	,1430,2.0028893162816044e-8
0.2654	,1430,1.989883541500555e-8
0.2655	,1430,1.989883541500555e-8
0.2656	,1430,1.989883541500555e-8
0.2657	,1430,1.989883541500555e-8
0.2658	,1430,1.989883541500555e-8
0.2659	,1430,1.989883541500555e-8
0.266	,1430,1.989883541500555e-8
0.2661	,1430,1.989883541500555e-8
0.2662	,1430,1.989883541500555e-8
0.2663	,1430,1.989883541500555e-8
0.2664	,1430,1.989883541500555e-8
0.2665	,1430,1.989883541500555e-8
0.2666	,1430,1.989883541500555e-8
0.2667	,1430,1.989883541500555e-8
0.2668	,1430,1.9768777667195063e-8
0.2669	,1430,1.9768777667195063e-8
0.267	,1430,1.9768777667195063e-8
0.2671	,1430,1.9768777667195063e-8
0.2672	,1430,1.9768777667195063e-8
0.2673	,1430,1.9768777667195063e-8
0.2674	,1430,1.9768777667195063e-8
0.2675	,1430,1.9768777667195063e-8
0.2676	,1430,1.9768777667195063e-8
0.2677	,1430,1.9768777667195063e-8
0.2678	,1430,1.9768777667195063e-8
0.2679	,1430,1.9768777667195063e-8
0.268	,1430,1.9768777667195063e-8
0.2681	,1430,1.963871991938457e-8
0.2682	,1430,1.963871991938457e-8
0.2683	,1430,1.963871991938457e-8
0.2684	,1430,1.963871991938457e-8
0.2685	,1430,1.963871991938457e-8
0.2686	,1430,1.963871991938457e-8
0.2687	,1430,1.963871991938457e-8
0.2688	,1430,1.963871991938457e-8
0.2689	,1430,1.963871991938457e-8
0.269	,1430,1.963871991938457e-8
0.2691	,1430,1.963871991938457e-8
0.2692	,1430,1.963871991938457e-8
0.2693	,1430,1.963871991938457e-8
0.2694	,1430,1.963871991938457e-8
0.2695	,1430,1.9508662171574078e-8
0.2696	,1430,1.9508662171574078e-8
0.2697	,1430,1.9508662171574078e-8
0.2698	,1430,1.9508662171574078e-8
0.2699	,1430,1.9508662171574078e-8
0.27	,1430,1.9508662171574078e-8
0.2701	,1430,1.9508662171574078e-8
0.2702	,1430,1.9508662171574078e-8
0.2703	,1430,1.9508662171574078e-8
0.2704	,1430,1.9508662171574078e-8
0.2705	,1430,1.9508662171574078e-8
0.2706	,1430,1.9508662171574078e-8
0.2707	,1430,1.9508662171574078e-8
0.2708	,1430,1.937860442376359e-8
0.2709	,1430,1.937860442376359e-8
0.271	,1430,1.937860442376359e-8
0.2711	,1430,1.937860442376359e-8
0.2712	,1430,1.937860442376359e-8
0.2713	,1430,1.937860442376359e-8
0.2714	,1430,1.937860442376359e-8
0.2715	,1430,1.937860442376359e-8
0.2716	,1430,1.937860442376359e-8
0.2717	,1430,1.937860442376359e-8
0.2718	,1430,1.937860442376359e-8
0.2719	,1430,1.937860442376359e-8
0.272	,1430,1.937860442376359e-8
0.2721	,1430,1.937860442376359e-8
0.2722	,1430,1.9248546675953097e-8
0.2723	,1430,1.9248546675953097e-8
0.2724	,1430,1.9248546675953097e-8
0.2725	,1430,1.9248546675953097e-8
0.2726	,1430,1.9248546675953097e-8
0.2727	,1430,1.9248546675953097e-8
0.2728	,1430,1.9248546675953097e-8
0.2729	,1430,1.9248546675953097e-8
0.273	,1430,1.9248546675953097e-8
0.2731	,1430,1.9248546675953097e-8
0.2732	,1430,1.9248546675953097e-8
0.2733	,1430,1.9248546675953097e-8
0.2734	,1430,1.9248546675953097e-8
0.2735	,1430,1.9248546675953097e-8
0.2736	,1430,1.9118488928142608e-8
0.2737	,1430,1.9118488928142608e-8
0.2738	,1430,1.9118488928142608e-8
0.2739	,1430,1.9118488928142608e-8
0.274	,1430,1.9118488928142608e-8
0.2741	,1430,1.9118488928142608e-8
0.2742	,1430,1.9118488928142608e-8
0.2743	,1430,1.9118488928142608e-8
0.2744	,1430,1.9118488928142608e-8
0.2745	,1430,1.9118488928142608e-8
0.2746	,1430,1.9118488928142608e-8
0.2747	,1430,1.9118488928142608e-8
0.2748	,1430,1.9118488928142608e-8
0.2749	,1430,1.8988431180332116e-8
0.275	,1430,1.8988431180332116e-8
0.2751	,1430,1.8988431180332116e-8
0.2752	,1430,1.8988431180332116e-8
0.2753	,1430,1.8988431180332116e-8
0.2754	,1430,1.8988431180332116e-8
0.2755	,1430,1.8988431180332116e-8
0.2756	,1430,1.8988431180332116e-8
0.2757	,1430,1.8988431180332116e-8
0.2758	,1430,1.8988431180332116e-8
0.2759	,1430,1.8988431180332116e-8
0.276	,1430,1.8988431180332116e-8
0.2761	,1430,1.8988431180332116e-8
0.2762	,1430,1.8988431180332116e-8
0.2763	,1430,1.8858373432521624e-8
0.2764	,1430,1.8858373432521624e-8
0.2765	,1430,1.8858373432521624e-8
0.2766	,1430,1.8858373432521624e-8
0.2767	,1430,1.8858373432521624e-8
0.2768	,1430,1.8858373432521624e-8
0.2769	,1430,1.8858373432521624e-8
0.277	,1430,1.8858373432521624e-8
0.2771	,1430,1.8858373432521624e-8
0.2772	,1430,1.8858373432521624e-8
0.2773	,1430,1.8858373432521624e-8
0.2774	,1430,1.8858373432521624e-8
0.2775	,1430,1.8858373432521624e-8
0.2776	,1430,1.8728315684711135e-8
0.2777	,1430,1.8728315684711135e-8
0.2778	,1430,1.8728315684711135e-8
0.2779	,1430,1.8728315684711135e-8
0.278	,1430,1.8728315684711135e-8
0.2781	,1430,1.8728315684711135e-8
0.2782	,1430,1.8728315684711135e-8
0.2783	,1430,1.8728315684711135e-8
0.2784	,1430,1.8728315684711135e-8
0.2785	,1430,1.8728315684711135e-8
0.2786	,1430,1.8728315684711135e-8
0.2787	,1430,1.8728315684711135e-8
0.2788	,1430,1.8728315684711135e-8
0.2789	,1430,1.8728315684711135e-8
0.279	,1430,1.8598257936900643e-8
0.2791	,1430,1.8598257936900643e-8
0.2792	,1430,1.8598257936900643e-8
0.2793	,1430,1.8598257936900643e-8
0.2794	,1430,1.8598257936900643e-8
0.2795	,1430,1.8598257936900643e-8
0.2796	,1430,1.8598257936900643e-8
0.2797	,1430,1.8598257936900643e-8
0.2798	,1430,1.8598257936900643e-8
0.2799	,1430,1.8598257936900643e-8
0.28	,1430,1.8598257936900643e-8
0.2801	,1430,1.8598257936900643e-8
0.2802	,1430,1.8598257936900643e-8
0.2803	,1430,1.8598257936900643e-8
0.2804	,1430,1.8468200189090154e-8
0.2805	,1430,1.8468200189090154e-8
0.2806	,1430,1.8468200189090154e-8
0.2807	,1430,1.8468200189090154e-8
0.2808	,1430,1.8468200189090154e-8
0.2809	,1430,1.8468200189090154e-8
0.281	,1430,1.8468200189090154e-8
0.2811	,1430,1.8468200189090154e-8
0.2812	,1430,1.8468200189090154e-8
0.2813	,1430,1.8468200189090154e-8
0.2814	,1430,1.8468200189090154e-8
0.2815	,1430,1.8468200189090154e-8
0.2816	,1430,1.8468200189090154e-8
0.2817	,1430,1.833814244127966e-8
0.2818	,1430,1.833814244127966e-8
0.2819	,1430,1.833814244127966e-8
0.282	,1430,1.833814244127966e-8
0.2821	,1430,1.833814244127966e-8
0.2822	,1430,1.833814244127966e-8
0.2823	,1430,1.833814244127966e-8
0.2824	,1430,1.833814244127966e-8
0.2825	,1430,1.833814244127966e-8
0.2826	,1430,1.833814244127966e-8
0.2827	,1430,1.833814244127966e-8
0.2828	,1430,1.833814244127966e-8
0.2829	,1430,1.833814244127966e-8
0.283	,1430,1.833814244127966e-8
0.2831	,1430,1.820808469346917e-8
0.2832	,1430,1.820808469346917e-8
0.2833	,1430,1.820808469346917e-8
0.2834	,1430,1.820808469346917e-8
0.2835	,1430,1.820808469346917e-8
0.2836	,1430,1.820808469346917e-8
0.2837	,1430,1.820808469346917e-8
0.2838	,1430,1.820808469346917e-8
0.2839	,1430,1.820808469346917e-8
0.284	,1430,1.820808469346917e-8
0.2841	,1430,1.820808469346917e-8
0.2842	,1430,1.820808469346917e-8
0.2843	,1430,1.820808469346917e-8
0.2844	,1430,1.8078026945658678e-8
0.2845	,1430,1.8078026945658678e-8
0.2846	,1430,1.8078026945658678e-8
0.2847	,1430,1.8078026945658678e-8
0.2848	,1430,1.8078026945658678e-8
0.2849	,1430,1.8078026945658678e-8
0.285	,1430,1.8078026945658678e-8
0.2851	,1430,1.8078026945658678e-8
0.2852	,1430,1.8078026945658678e-8
0.2853	,1430,1.8078026945658678e-8
0.2854	,1430,1.8078026945658678e-8
0.2855	,1430,1.8078026945658678e-8
0.2856	,1430,1.8078026945658678e-8
0.2857	,1430,1.8078026945658678e-8
0.2858	,1430,1.794796919784819e-8
0.2859	,1430,1.794796919784819e-8
0.286	,1430,1.794796919784819e-8
0.2861	,1430,1.794796919784819e-8
0.2862	,1430,1.794796919784819e-8
0.2863	,1430,1.794796919784819e-8
0.2864	,1430,1.794796919784819e-8
0.2865	,1430,1.794796919784819e-8
0.2866	,1430,1.794796919784819e-8
0.2867	,1430,1.794796919784819e-8
0.2868	,1430,1.794796919784819e-8
0.2869	,1430,1.794796919784819e-8
0.287	,1430,1.794796919784819e-8
0.2871	,1430,1.794796919784819e-8
0.2872	,1430,1.7817911450037696e-8
0.2873	,1430,1.7817911450037696e-8
0.2874	,1430,1.7817911450037696e-8
0.2875	,1430,1.7817911450037696e-8
0.2876	,1430,1.7817911450037696e-8
0.2877	,1430,1.7817911450037696e-8
0.2878	,1430,1.7817911450037696e-8
0.2879	,1430,1.7817911450037696e-8
0.288	,1430,1.7817911450037696e-8
0.2881	,1430,1.7817911450037696e-8
0.2882	,1430,1.7817911450037696e-8
0.2883	,1430,1.7817911450037696e-8
0.2884	,1430,1.7817911450037696e-8
0.2885	,1430,1.7687853702227204e-8
0.2886	,1430,1.7687853702227204e-8
0.2887	,1430,1.7687853702227204e-8
0.2888	,1430,1.7687853702227204e-8
0.2889	,1430,1.7687853702227204e-8
0.289	,1430,1.7687853702227204e-8
0.2891	,1430,1.7687853702227204e-8
0.2892	,1430,1.7687853702227204e-8
0.2893	,1430,1.7687853702227204e-8
0.2894	,1430,1.7687853702227204e-8
0.2895	,1430,1.7687853702227204e-8
0.2896	,1430,1.7687853702227204e-8
0.2897	,1430,1.7687853702227204e-8
0.2898	,1430,1.7687853702227204e-8
0.2899	,1430,1.7557795954416712e-8
0.29	,1430,1.7557795954416712e-8
0.2901	,1430,1.7557795954416712e-8
0.2902	,1430,1.7557795954416712e-8
0.2903	,1430,1.7557795954416712e-8
0.2904	,1430,1.7557795954416712e-8
0.2905	,1430,1.7557795954416712e-8
0.2906	,1430,1.7557795954416712e-8
0.2907	,1430,1.7557795954416712e-8
0.2908	,1430,1.7557795954416712e-8
0.2909	,1430,1.7557795954416712e-8
0.291	,1430,1.7557795954416712e-8
0.2911	,1430,1.7557795954416712e-8
0.2912	,1430,1.7427738206606223e-8
0.2913	,1430,1.7427738206606223e-8
0.2914	,1430,1.7427738206606223e-8
0.2915	,1430,1.7427738206606223e-8
0.2916	,1430,1.7427738206606223e-8
0.2917	,1430,1.7427738206606223e-8
0.2918	,1430,1.7427738206606223e-8
0.2919	,1430,1.7427738206606223e-8
0.292	,1430,1.7427738206606223e-8
0.2921	,1430,1.7427738206606223e-8
0.2922	,1430,1.7427738206606223e-8
0.2923	,1430,1.7427738206606223e-8
0.2924	,1430,1.7427738206606223e-8
0.2925	,1430,1.7427738206606223e-8
0.2926	,1430,1.729768045879573e-8
0.2927	,1430,1.729768045879573e-8
0.2928	,1430,1.729768045879573e-8
0.2929	,1430,1.729768045879573e-8
0.293	,1430,1.729768045879573e-8
0.2931	,1430,1.729768045879573e-8
0.2932	,1430,1.729768045879573e-8
0.2933	,1430,1.729768045879573e-8
0.2934	,1430,1.729768045879573e-8
0.2935	,1430,1.729768045879573e-8
0.2936	,1430,1.729768045879573e-8
0.2937	,1430,1.729768045879573e-8
0.2938	,1430,1.729768045879573e-8
0.2939	,1430,1.729768045879573e-8
0.294	,1430,1.716762271098524e-8
0.2941	,1430,1.716762271098524e-8
0.2942	,1430,1.716762271098524e-8
0.2943	,1430,1.716762271098524e-8
0.2944	,1430,1.716762271098524e-8
0.2945	,1430,1.716762271098524e-8
0.2946	,1430,1.716762271098524e-8
0.2947	,1430,1.716762271098524e-8
0.2948	,1430,1.716762271098524e-8
0.2949	,1430,1.716762271098524e-8
0.295	,1430,1.716762271098524e-8
0.2951	,1430,1.716762271098524e-8
0.2952	,1430,1.716762271098524e-8
0.2953	,1430,1.7037564963174747e-8
0.2954	,1430,1.7037564963174747e-8
0.2955	,1430,1.7037564963174747e-8
0.2956	,1430,1.7037564963174747e-8
0.2957	,1430,1.7037564963174747e-8
0.2958	,1430,1.7037564963174747e-8
0.2959	,1430,1.7037564963174747e-8
0.296	,1430,1.7037564963174747e-8
0.2961	,1430,1.7037564963174747e-8
0.2962	,1430,1.7037564963174747e-8
0.2963	,1430,1.7037564963174747e-8
0.2964	,1430,1.7037564963174747e-8
0.2965	,1430,1.7037564963174747e-8
0.2966	,1430,1.7037564963174747e-8
0.2967	,1430,1.6907507215364255e-8
0.2968	,1430,1.6907507215364255e-8
0.2969	,1430,1.6907507215364255e-8
0.297	,1430,1.6907507215364255e-8
0.2971	,1430,1.6907507215364255e-8
0.2972	,1430,1.6907507215364255e-8
0.2973	,1430,1.6907507215364255e-8
0.2974	,1430,1.6907507215364255e-8
0.2975	,1430,1.6907507215364255e-8
0.2976	,1430,1.6907507215364255e-8
0.2977	,1430,1.6907507215364255e-8
0.2978	,1430,1.6907507215364255e-8
0.2979	,1430,1.6907507215364255e-8
0.298	,1430,1.6907507215364255e-8
0.2981	,1430,1.6777449467553766e-8
0.2982	,1430,1.6777449467553766e-8
0.2983	,1430,1.6777449467553766e-8
0.2984	,1430,1.6777449467553766e-8
0.2985	,1430,1.6777449467553766e-8
0.2986	,1430,1.6777449467553766e-8
0.2987	,1430,1.6777449467553766e-8
0.2988	,1430,1.6777449467553766e-8
0.2989	,1430,1.6777449467553766e-8
0.299	,1430,1.6777449467553766e-8
0.2991	,1430,1.6777449467553766e-8
0.2992	,1430,1.6777449467553766e-8
0.2993	,1430,1.6777449467553766e-8
0.2994	,1430,1.6647391719743273e-8
0.2995	,1430,1.6647391719743273e-8
0.2996	,1430,1.6647391719743273e-8
0.2997	,1430,1.6647391719743273e-8
0.2998	,1430,1.6647391719743273e-8
0.2999	,1430,1.6647391719743273e-8
0.3	,1430,1.6647391719743273e-8
0.3001	,1430,1.6647391719743273e-8
0.3002	,1430,1.6647391719743273e-8
0.3003	,1430,1.6647391719743273e-8
0.3004	,1430,1.6647391719743273e-8
0.3005	,1430,1.6647391719743273e-8
0.3006	,1430,1.6647391719743273e-8
0.3007	,1430,1.6647391719743273e-8
0.3008	,1430,1.651733397193278e-8
0.3009	,1430,1.651733397193278e-8
0.301	,1430,1.651733397193278e-8
0.3011	,1430,1.651733397193278e-8
0.3012	,1430,1.651733397193278e-8
0.3013	,1430,1.651733397193278e-8
0.3014	,1430,1.651733397193278e-8
0.3015	,1430,1.651733397193278e-8
0.3016	,1430,1.651733397193278e-8
0.3017	,1430,1.651733397193278e-8
0.3018	,1430,1.651733397193278e-8
0.3019	,1430,1.651733397193278e-8
0.302	,1430,1.651733397193278e-8
0.3021	,1430,1.638727622412229e-8
0.3022	,1430,1.638727622412229e-8
0.3023	,1430,1.638727622412229e-8
0.3024	,1430,1.638727622412229e-8
0.3025	,1430,1.638727622412229e-8
0.3026	,1430,1.638727622412229e-8
0.3027	,1430,1.638727622412229e-8
0.3028	,1430,1.638727622412229e-8
0.3029	,1430,1.638727622412229e-8
0.303	,1430,1.638727622412229e-8
0.3031	,1430,1.638727622412229e-8
0.3032	,1430,1.638727622412229e-8
0.3033	,1430,1.638727622412229e-8
0.3034	,1430,1.638727622412229e-8
0.3035	,1430,1.6257218476311797e-8
0.3036	,1430,1.6257218476311797e-8
0.3037	,1430,1.6257218476311797e-8
0.3038	,1430,1.6257218476311797e-8
0.3039	,1430,1.6257218476311797e-8
0.304	,1430,1.6257218476311797e-8
0.3041	,1430,1.6257218476311797e-8
0.3042	,1430,1.6257218476311797e-8
0.3043	,1430,1.6257218476311797e-8
0.3044	,1430,1.6257218476311797e-8
0.3045	,1430,1.6257218476311797e-8
0.3046	,1430,1.6257218476311797e-8
0.3047	,1430,1.6257218476311797e-8
0.3048	,1430,1.6257218476311797e-8
0.3049	,1430,1.6127160728501305e-8
0.305	,1430,1.6127160728501305e-8
0.3051	,1430,1.6127160728501305e-8
0.3052	,1430,1.6127160728501305e-8
0.3053	,1430,1.6127160728501305e-8
0.3054	,1430,1.6127160728501305e-8
0.3055	,1430,1.6127160728501305e-8
0.3056	,1430,1.6127160728501305e-8
0.3057	,1430,1.6127160728501305e-8
0.3058	,1430,1.6127160728501305e-8
0.3059	,1430,1.6127160728501305e-8
0.306	,1430,1.6127160728501305e-8
0.3061	,1430,1.6127160728501305e-8
0.3062	,1430,1.5997102980690816e-8
0.3063	,1430,1.5997102980690816e-8
0.3064	,1430,1.5997102980690816e-8
0.3065	,1430,1.5997102980690816e-8
0.3066	,1430,1.5997102980690816e-8
0.3067	,1430,1.5997102980690816e-8
0.3068	,1430,1.5997102980690816e-8
0.3069	,1430,1.5997102980690816e-8
0.307	,1430,1.5997102980690816e-8
0.3071	,1430,1.5997102980690816e-8
0.3072	,1430,1.5997102980690816e-8
0.3073	,1430,1.5997102980690816e-8
0.3074	,1430,1.5997102980690816e-8
0.3075	,1430,1.5997102980690816e-8
0.3076	,1430,1.5867045232880324e-8
0.3077	,1430,1.5867045232880324e-8
0.3078	,1430,1.5867045232880324e-8
0.3079	,1430,1.5867045232880324e-8
0.308	,1430,1.5867045232880324e-8
0.3081	,1430,1.5867045232880324e-8
0.3082	,1430,1.5867045232880324e-8
0.3083	,1430,1.5867045232880324e-8
0.3084	,1430,1.5867045232880324e-8
0.3085	,1430,1.5867045232880324e-8
0.3086	,1430,1.5867045232880324e-8
0.3087	,1430,1.5867045232880324e-8
0.3088	,1430,1.5867045232880324e-8
0.3089	,1430,1.5736987485069828e-8
0.309	,1430,1.5736987485069828e-8
0.3091	,1430,1.5736987485069828e-8
0.3092	,1430,1.5736987485069828e-8
0.3093	,1430,1.5736987485069828e-8
0.3094	,1430,1.5736987485069828e-8
0.3095	,1430,1.5736987485069828e-8
0.3096	,1430,1.5736987485069828e-8
0.3097	,1430,1.5736987485069828e-8
0.3098	,1430,1.5736987485069828e-8
0.3099	,1430,1.5736987485069828e-8
0.31	,1430,1.5736987485069828e-8
0.3101	,1430,1.5736987485069828e-8
0.3102	,1430,1.5736987485069828e-8
0.3103	,1430,1.5606929737259336e-8
0.3104	,1430,1.5606929737259336e-8
0.3105	,1430,1.5606929737259336e-8
0.3106	,1430,1.5606929737259336e-8
0.3107	,1430,1.5606929737259336e-8
0.3108	,1430,1.5606929737259336e-8
0.3109	,1430,1.5606929737259336e-8
0.311	,1430,1.5606929737259336e-8
0.3111	,1430,1.5606929737259336e-8
0.3112	,1430,1.5606929737259336e-8
0.3113	,1430,1.5606929737259336e-8
0.3114	,1430,1.5606929737259336e-8
0.3115	,1430,1.5606929737259336e-8
0.3116	,1430,1.5606929737259336e-8
0.3117	,1430,1.5476871989448847e-8
0.3118	,1430,1.5476871989448847e-8
0.3119	,1430,1.5476871989448847e-8
0.312	,1430,1.5476871989448847e-8
0.3121	,1430,1.5476871989448847e-8
0.3122	,1430,1.5476871989448847e-8
0.3123	,1430,1.5476871989448847e-8
0.3124	,1430,1.5476871989448847e-8
0.3125	,1430,1.5476871989448847e-8
0.3126	,1430,1.5476871989448847e-8
0.3127	,1430,1.5476871989448847e-8
0.3128	,1430,1.5476871989448847e-8
0.3129	,1430,1.5476871989448847e-8
0.313	,1430,1.5346814241638355e-8
0.3131	,1430,1.5346814241638355e-8
0.3132	,1430,1.5346814241638355e-8
0.3133	,1430,1.5346814241638355e-8
0.3134	,1430,1.5346814241638355e-8
0.3135	,1430,1.5346814241638355e-8
0.3136	,1430,1.5346814241638355e-8
0.3137	,1430,1.5346814241638355e-8
0.3138	,1430,1.5346814241638355e-8
0.3139	,1430,1.5346814241638355e-8
0.314	,1430,1.5346814241638355e-8
0.3141	,1430,1.5346814241638355e-8
0.3142	,1430,1.5346814241638355e-8
0.3143	,1430,1.5346814241638355e-8
0.3144	,1430,1.5216756493827863e-8
0.3145	,1430,1.5216756493827863e-8
0.3146	,1430,1.5216756493827863e-8
0.3147	,1430,1.5216756493827863e-8
0.3148	,1430,1.5216756493827863e-8
0.3149	,1430,1.5216756493827863e-8
0.315	,1430,1.5216756493827863e-8
0.3151	,1430,1.5216756493827863e-8
0.3152	,1430,1.5216756493827863e-8
0.3153	,1430,1.5216756493827863e-8
0.3154	,1430,1.5216756493827863e-8
0.3155	,1430,1.5216756493827863e-8
0.3156	,1430,1.5216756493827863e-8
0.3157	,1430,1.5086698746017367e-8
0.3158	,1430,1.5086698746017367e-8
0.3159	,1430,1.5086698746017367e-8
0.316	,1430,1.5086698746017367e-8
0.3161	,1430,1.5086698746017367e-8
0.3162	,1430,1.5086698746017367e-8
0.3163	,1430,1.5086698746017367e-8
0.3164	,1430,1.5086698746017367e-8
0.3165	,1430,1.5086698746017367e-8
0.3166	,1430,1.5086698746017367e-8
0.3167	,1430,1.5086698746017367e-8
0.3168	,1430,1.5086698746017367e-8
0.3169	,1430,1.5086698746017367e-8
0.317	,1430,1.5086698746017367e-8
0.3171	,1430,1.495664099820688e-8
0.3172	,1430,1.495664099820688e-8
0.3173	,1430,1.495664099820688e-8
0.3174	,1430,1.495664099820688e-8
0.3175	,1430,1.495664099820688e-8
0.3176	,1430,1.495664099820688e-8
0.3177	,1430,1.495664099820688e-8
0.3178	,1430,1.495664099820688e-8
0.3179	,1430,1.495664099820688e-8
0.318	,1430,1.495664099820688e-8
0.3181	,1430,1.495664099820688e-8
0.3182	,1430,1.495664099820688e-8
0.3183	,1430,1.495664099820688e-8
0.3184	,1430,1.495664099820688e-8
0.3185	,1430,1.4826583250396385e-8
0.3186	,1430,1.4826583250396385e-8
0.3187	,1430,1.4826583250396385e-8
0.3188	,1430,1.4826583250396385e-8
0.3189	,1430,1.4826583250396385e-8
0.319	,1430,1.4826583250396385e-8
0.3191	,1430,1.4826583250396385e-8
0.3192	,1430,1.4826583250396385e-8
0.3193	,1430,1.4826583250396385e-8
0.3194	,1430,1.4826583250396385e-8
0.3195	,1430,1.4826583250396385e-8
0.3196	,1430,1.4826583250396385e-8
0.3197	,1430,1.4826583250396385e-8
0.3198	,1430,1.4696525502585894e-8
0.3199	,1430,1.4696525502585894e-8
0.32	,1430,1.4696525502585894e-8
0.3201	,1430,1.4696525502585894e-8
0.3202	,1430,1.4696525502585894e-8
0.3203	,1430,1.4696525502585894e-8
0.3204	,1430,1.4696525502585894e-8
0.3205	,1430,1.4696525502585894e-8
0.3206	,1430,1.4696525502585894e-8
0.3207	,1430,1.4696525502585894e-8
0.3208	,1430,1.4696525502585894e-8
0.3209	,1430,1.4696525502585894e-8
0.321	,1430,1.4696525502585894e-8
0.3211	,1430,1.4696525502585894e-8
0.3212	,1430,1.4566467754775402e-8
0.3213	,1430,1.4566467754775402e-8
0.3214	,1430,1.4566467754775402e-8
0.3215	,1430,1.4566467754775402e-8
0.3216	,1430,1.4566467754775402e-8
0.3217	,1430,1.4566467754775402e-8
0.3218	,1430,1.4566467754775402e-8
0.3219	,1430,1.4566467754775402e-8
0.322	,1430,1.4566467754775402e-8
0.3221	,1430,1.4566467754775402e-8
0.3222	,1430,1.4566467754775402e-8
0.3223	,1430,1.4566467754775402e-8
0.3224	,1430,1.4566467754775402e-8
0.3225	,1430,1.4436410006964906e-8
0.3226	,1430,1.4436410006964906e-8
0.3227	,1430,1.4436410006964906e-8
0.3228	,1430,1.4436410006964906e-8
0.3229	,1430,1.4436410006964906e-8
0.323	,1430,1.4436410006964906e-8
0.3231	,1430,1.4436410006964906e-8
0.3232	,1430,1.4436410006964906e-8
0.3233	,1430,1.4436410006964906e-8
0.3234	,1430,1.4436410006964906e-8
0.3235	,1430,1.4436410006964906e-8
0.3236	,1430,1.4436410006964906e-8
0.3237	,1430,1.4436410006964906e-8
0.3238	,1430,1.4436410006964906e-8
0.3239	,1430,1.4306352259154416e-8
0.324	,1430,1.4306352259154416e-8
0.3241	,1430,1.4306352259154416e-8
0.3242	,1430,1.4306352259154416e-8
0.3243	,1430,1.4306352259154416e-8
0.3244	,1430,1.4306352259154416e-8
0.3245	,1430,1.4306352259154416e-8
0.3246	,1430,1.4306352259154416e-8
0.3247	,1430,1.4306352259154416e-8
0.3248	,1430,1.4306352259154416e-8
0.3249	,1430,1.4306352259154416e-8
0.325	,1430,1.4306352259154416e-8
0.3251	,1430,1.4306352259154416e-8
0.3252	,1430,1.4306352259154416e-8
0.3253	,1430,1.4176294511343924e-8
0.3254	,1430,1.4176294511343924e-8
0.3255	,1430,1.4176294511343924e-8
0.3256	,1430,1.4176294511343924e-8
0.3257	,1430,1.4176294511343924e-8
0.3258	,1430,1.4176294511343924e-8
0.3259	,1430,1.4176294511343924e-8
0.326	,1430,1.4176294511343924e-8
0.3261	,1430,1.4176294511343924e-8
0.3262	,1430,1.4176294511343924e-8
0.3263	,1430,1.4176294511343924e-8
0.3264	,1430,1.4176294511343924e-8
0.3265	,1430,1.4176294511343924e-8
0.3266	,1430,1.4046236763533432e-8
0.3267	,1430,1.4046236763533432e-8
0.3268	,1430,1.4046236763533432e-8
0.3269	,1430,1.4046236763533432e-8
0.327	,1430,1.4046236763533432e-8
0.3271	,1430,1.4046236763533432e-8
0.3272	,1430,1.4046236763533432e-8
0.3273	,1430,1.4046236763533432e-8
0.3274	,1430,1.4046236763533432e-8
0.3275	,1430,1.4046236763533432e-8
0.3276	,1430,1.4046236763533432e-8
0.3277	,1430,1.4046236763533432e-8
0.3278	,1430,1.4046236763533432e-8
0.3279	,1430,1.4046236763533432e-8
0.328	,1430,1.391617901572294e-8
0.3281	,1430,1.391617901572294e-8
0.3282	,1430,1.391617901572294e-8
0.3283	,1430,1.391617901572294e-8
0.3284	,1430,1.391617901572294e-8
0.3285	,1430,1.391617901572294e-8
0.3286	,1430,1.391617901572294e-8
0.3287	,1430,1.391617901572294e-8
0.3288	,1430,1.391617901572294e-8
0.3289	,1430,1.391617901572294e-8
0.329	,1430,1.391617901572294e-8
0.3291	,1430,1.391617901572294e-8
0.3292	,1430,1.391617901572294e-8
0.3293	,1430,1.3786121267912446e-8
0.3294	,1430,1.3786121267912446e-8
0.3295	,1430,1.3786121267912446e-8
0.3296	,1430,1.3786121267912446e-8
0.3297	,1430,1.3786121267912446e-8
0.3298	,1430,1.3786121267912446e-8
0.3299	,1430,1.3786121267912446e-8
0.33	,1430,1.3786121267912446e-8
0.3301	,1430,1.3786121267912446e-8
0.3302	,1430,1.3786121267912446e-8
0.3303	,1430,1.3786121267912446e-8
0.3304	,1430,1.3786121267912446e-8
0.3305	,1430,1.3786121267912446e-8
0.3306	,1430,1.3786121267912446e-8
0.3307	,1430,1.3656063520101953e-8
0.3308	,1430,1.3656063520101953e-8
0.3309	,1430,1.3656063520101953e-8
0.331	,1430,1.3656063520101953e-8
0.3311	,1430,1.3656063520101953e-8
0.3312	,1430,1.3656063520101953e-8
0.3313	,1430,1.3656063520101953e-8
0.3314	,1430,1.3656063520101953e-8
0.3315	,1430,1.3656063520101953e-8
0.3316	,1430,1.3656063520101953e-8
0.3317	,1430,1.3656063520101953e-8
0.3318	,1430,1.3656063520101953e-8
0.3319	,1430,1.3656063520101953e-8
0.332	,1430,1.3656063520101953e-8
0.3321	,1430,1.3526005772291461e-8
0.3322	,1430,1.3526005772291461e-8
0.3323	,1430,1.3526005772291461e-8
0.3324	,1430,1.3526005772291461e-8
0.3325	,1430,1.3526005772291461e-8
0.3326	,1430,1.3526005772291461e-8
0.3327	,1430,1.3526005772291461e-8
0.3328	,1430,1.3526005772291461e-8
0.3329	,1430,1.3526005772291461e-8
0.333	,1430,1.3526005772291461e-8
0.3331	,1430,1.3526005772291461e-8
0.3332	,1430,1.3526005772291461e-8
0.3333	,1430,1.3526005772291461e-8
0.3334	,1430,1.3395948024480969e-8
0.3335	,1430,1.3395948024480969e-8
0.3336	,1430,1.3395948024480969e-8
0.3337	,1430,1.3395948024480969e-8
0.3338	,1430,1.3395948024480969e-8
0.3339	,1430,1.3395948024480969e-8
0.334	,1430,1.3395948024480969e-8
0.3341	,1430,1.3395948024480969e-8
0.3342	,1430,1.3395948024480969e-8
0.3343	,1430,1.3395948024480969e-8
0.3344	,1430,1.3395948024480969e-8
0.3345	,1430,1.3395948024480969e-8
0.3346	,1430,1.3395948024480969e-8
0.3347	,1430,1.3395948024480969e-8
0.3348	,1430,1.3265890276670477e-8
0.3349	,1430,1.3265890276670477e-8
0.335	,1430,1.3265890276670477e-8
0.3351	,1430,1.3265890276670477e-8
0.3352	,1430,1.3265890276670477e-8
0.3353	,1430,1.3265890276670477e-8
0.3354	,1430,1.3265890276670477e-8
0.3355	,1430,1.3265890276670477e-8
0.3356	,1430,1.3265890276670477e-8
0.3357	,1430,1.3265890276670477e-8
0.3358	,1430,1.3265890276670477e-8
0.3359	,1430,1.3265890276670477e-8
0.336	,1430,1.3265890276670477e-8
0.3361	,1430,1.3135832528859981e-8
0.3362	,1430,1.3135832528859981e-8
0.3363	,1430,1.3135832528859981e-8
0.3364	,1430,1.3135832528859981e-8
0.3365	,1430,1.3135832528859981e-8
0.3366	,1430,1.3135832528859981e-8
0.3367	,1430,1.3135832528859981e-8
0.3368	,1430,1.3135832528859981e-8
0.3369	,1430,1.3135832528859981e-8
0.337	,1430,1.3135832528859981e-8
0.3371	,1430,1.3135832528859981e-8
0.3372	,1430,1.3135832528859981e-8
0.3373	,1430,1.3135832528859981e-8
0.3374	,1430,1.3135832528859981e-8
0.3375	,1430,1.300577478104949e-8
0.3376	,1430,1.300577478104949e-8
0.3377	,1430,1.300577478104949e-8
0.3378	,1430,1.300577478104949e-8
0.3379	,1430,1.300577478104949e-8
0.338	,1430,1.300577478104949e-8
0.3381	,1430,1.300577478104949e-8
0.3382	,1430,1.300577478104949e-8
0.3383	,1430,1.300577478104949e-8
0.3384	,1430,1.300577478104949e-8
0.3385	,1430,1.300577478104949e-8
0.3386	,1430,1.300577478104949e-8
0.3387	,1430,1.300577478104949e-8
0.3388	,1430,1.300577478104949e-8
0.3389	,1430,1.2875717033238997e-8
0.339	,1430,1.2875717033238997e-8
0.3391	,1430,1.2875717033238997e-8
0.3392	,1430,1.2875717033238997e-8
0.3393	,1430,1.2875717033238997e-8
0.3394	,1430,1.2875717033238997e-8
0.3395	,1430,1.2875717033238997e-8
0.3396	,1430,1.2875717033238997e-8
0.3397	,1430,1.2875717033238997e-8
0.3398	,1430,1.2875717033238997e-8
0.3399	,1430,1.2875717033238997e-8
0.34	,1430,1.2875717033238997e-8
0.3401	,1430,1.2875717033238997e-8
0.3402	,1430,1.2745659285428505e-8
0.3403	,1430,1.2745659285428505e-8
0.3404	,1430,1.2745659285428505e-8
0.3405	,1430,1.2745659285428505e-8
0.3406	,1430,1.2745659285428505e-8
0.3407	,1430,1.2745659285428505e-8
0.3408	,1430,1.2745659285428505e-8
0.3409	,1430,1.2745659285428505e-8
0.341	,1430,1.2745659285428505e-8
0.3411	,1430,1.2745659285428505e-8
0.3412	,1430,1.2745659285428505e-8
0.3413	,1430,1.2745659285428505e-8
0.3414	,1430,1.2745659285428505e-8
0.3415	,1430,1.2745659285428505e-8
0.3416	,1430,1.2615601537618013e-8
0.3417	,1430,1.2615601537618013e-8
0.3418	,1430,1.2615601537618013e-8
0.3419	,1430,1.2615601537618013e-8
0.342	,1430,1.2615601537618013e-8
0.3421	,1430,1.2615601537618013e-8
0.3422	,1430,1.2615601537618013e-8
0.3423	,1430,1.2615601537618013e-8
0.3424	,1430,1.2615601537618013e-8
0.3425	,1430,1.2615601537618013e-8
0.3426	,1430,1.2615601537618013e-8
0.3427	,1430,1.2615601537618013e-8
0.3428	,1430,1.2615601537618013e-8
0.3429	,1430,1.2615601537618013e-8
0.343	,1430,1.2485543789807517e-8
0.3431	,1430,1.2485543789807517e-8
0.3432	,1430,1.2485543789807517e-8
0.3433	,1430,1.2485543789807517e-8
0.3434	,1430,1.2485543789807517e-8
0.3435	,1430,1.2485543789807517e-8
0.3436	,1430,1.2485543789807517e-8
0.3437	,1430,1.2485543789807517e-8
0.3438	,1430,1.2485543789807517e-8
0.3439	,1430,1.2485543789807517e-8
0.344	,1430,1.2485543789807517e-8
0.3441	,1430,1.2485543789807517e-8
0.3442	,1430,1.2485543789807517e-8
0.3443	,1430,1.2355486041997025e-8
0.3444	,1430,1.2355486041997025e-8
0.3445	,1430,1.2355486041997025e-8
0.3446	,1430,1.2355486041997025e-8
0.3447	,1430,1.2355486041997025e-8
0.3448	,1430,1.2355486041997025e-8
0.3449	,1430,1.2355486041997025e-8
0.345	,1430,1.2355486041997025e-8
0.3451	,1430,1.2355486041997025e-8
0.3452	,1430,1.2355486041997025e-8
0.3453	,1430,1.2355486041997025e-8
0.3454	,1430,1.2355486041997025e-8
0.3455	,1430,1.2355486041997025e-8
0.3456	,1430,1.2355486041997025e-8
0.3457	,1430,1.2225428294186533e-8
0.3458	,1430,1.2225428294186533e-8
0.3459	,1430,1.2225428294186533e-8
0.346	,1430,1.2225428294186533e-8
0.3461	,1430,1.2225428294186533e-8
0.3462	,1430,1.2225428294186533e-8
0.3463	,1430,1.2225428294186533e-8
0.3464	,1430,1.2225428294186533e-8
0.3465	,1430,1.2225428294186533e-8
0.3466	,1430,1.2225428294186533e-8
0.3467	,1430,1.2225428294186533e-8
0.3468	,1430,1.2225428294186533e-8
0.3469	,1430,1.2225428294186533e-8
0.347	,1430,1.2095370546376039e-8
0.3471	,1430,1.2095370546376039e-8
0.3472	,1430,1.2095370546376039e-8
0.3473	,1430,1.2095370546376039e-8
0.3474	,1430,1.2095370546376039e-8
0.3475	,1430,1.2095370546376039e-8
0.3476	,1430,1.2095370546376039e-8
0.3477	,1430,1.2095370546376039e-8
0.3478	,1430,1.2095370546376039e-8
0.3479	,1430,1.2095370546376039e-8
0.348	,1430,1.2095370546376039e-8
0.3481	,1430,1.2095370546376039e-8
0.3482	,1430,1.2095370546376039e-8
0.3483	,1430,1.2095370546376039e-8
0.3484	,1430,1.1965312798565547e-8
0.3485	,1430,1.1965312798565547e-8
0.3486	,1430,1.1965312798565547e-8
0.3487	,1430,1.1965312798565547e-8
0.3488	,1430,1.1965312798565547e-8
0.3489	,1430,1.1965312798565547e-8
0.349	,1430,1.1965312798565547e-8
0.3491	,1430,1.1965312798565547e-8
0.3492	,1430,1.1965312798565547e-8
0.3493	,1430,1.1965312798565547e-8
0.3494	,1430,1.1965312798565547e-8
0.3495	,1430,1.1965312798565547e-8
0.3496	,1430,1.1965312798565547e-8
0.3497	,1430,1.1965312798565547e-8
0.3498	,1430,1.1835255050755051e-8
0.3499	,1430,1.1835255050755051e-8
0.35	,1430,1.1835255050755051e-8
0.3501	,1430,1.1835255050755051e-8
0.3502	,1430,1.1835255050755051e-8
0.3503	,1430,1.1835255050755051e-8
0.3504	,1430,1.1835255050755051e-8
0.3505	,1430,1.1835255050755051e-8
0.3506	,1430,1.1835255050755051e-8
0.3507	,1430,1.1835255050755051e-8
0.3508	,1430,1.1835255050755051e-8
0.3509	,1430,1.1835255050755051e-8
0.351	,1430,1.1835255050755051e-8
0.3511	,1430,1.1705197302944559e-8
0.3512	,1430,1.1705197302944559e-8
0.3513	,1430,1.1705197302944559e-8
0.3514	,1430,1.1705197302944559e-8
0.3515	,1430,1.1705197302944559e-8
0.3516	,1430,1.1705197302944559e-8
0.3517	,1430,1.1705197302944559e-8
0.3518	,1430,1.1705197302944559e-8
0.3519	,1430,1.1705197302944559e-8
0.352	,1430,1.1705197302944559e-8
0.3521	,1430,1.1705197302944559e-8
0.3522	,1430,1.1705197302944559e-8
0.3523	,1430,1.1705197302944559e-8
0.3524	,1430,1.1705197302944559e-8
0.3525	,1430,1.1575139555134067e-8
0.3526	,1430,1.1575139555134067e-8
0.3527	,1430,1.1575139555134067e-8
0.3528	,1430,1.1575139555134067e-8
0.3529	,1430,1.1575139555134067e-8
0.353	,1430,1.1575139555134067e-8
0.3531	,1430,1.1575139555134067e-8
0.3532	,1430,1.1575139555134067e-8
0.3533	,1430,1.1575139555134067e-8
0.3534	,1430,1.1575139555134067e-8
0.3535	,1430,1.1575139555134067e-8
0.3536	,1430,1.1575139555134067e-8
0.3537	,1430,1.1575139555134067e-8
0.3538	,1430,1.1445081807323573e-8
0.3539	,1430,1.1445081807323573e-8
0.354	,1430,1.1445081807323573e-8
0.3541	,1430,1.1445081807323573e-8
0.3542	,1430,1.1445081807323573e-8
0.3543	,1430,1.1445081807323573e-8
0.3544	,1430,1.1445081807323573e-8
0.3545	,1430,1.1445081807323573e-8
0.3546	,1430,1.1445081807323573e-8
0.3547	,1430,1.1445081807323573e-8
0.3548	,1430,1.1445081807323573e-8
0.3549	,1430,1.1445081807323573e-8
0.355	,1430,1.1445081807323573e-8
0.3551	,1430,1.1445081807323573e-8
0.3552	,1430,1.1315024059513081e-8
0.3553	,1430,1.1315024059513081e-8
0.3554	,1430,1.1315024059513081e-8
0.3555	,1430,1.1315024059513081e-8
0.3556	,1430,1.1315024059513081e-8
0.3557	,1430,1.1315024059513081e-8
0.3558	,1430,1.1315024059513081e-8
0.3559	,1430,1.1315024059513081e-8
0.356	,1430,1.1315024059513081e-8
0.3561	,1430,1.1315024059513081e-8
0.3562	,1430,1.1315024059513081e-8
0.3563	,1430,1.1315024059513081e-8
0.3564	,1430,1.1315024059513081e-8
0.3565	,1430,1.1315024059513081e-8
0.3566	,1430,1.1184966311702585e-8
0.3567	,1430,1.1184966311702585e-8
0.3568	,1430,1.1184966311702585e-8
0.3569	,1430,1.1184966311702585e-8
0.357	,1430,1.1184966311702585e-8
0.3571	,1430,1.1184966311702585e-8
0.3572	,1430,1.1184966311702585e-8
0.3573	,1430,1.1184966311702585e-8
0.3574	,1430,1.1184966311702585e-8
0.3575	,1430,1.1184966311702585e-8
0.3576	,1430,1.1184966311702585e-8
0.3577	,1430,1.1184966311702585e-8
0.3578	,1430,1.1184966311702585e-8
0.3579	,1430,1.1054908563892092e-8
0.358	,1430,1.1054908563892092e-8
0.3581	,1430,1.1054908563892092e-8
0.3582	,1430,1.1054908563892092e-8
0.3583	,1430,1.1054908563892092e-8
0.3584	,1430,1.1054908563892092e-8
0.3585	,1430,1.1054908563892092e-8
0.3586	,1430,1.1054908563892092e-8
0.3587	,1430,1.1054908563892092e-8
0.3588	,1430,1.1054908563892092e-8
0.3589	,1430,1.1054908563892092e-8
0.359	,1430,1.1054908563892092e-8
0.3591	,1430,1.1054908563892092e-8
0.3592	,1430,1.1054908563892092e-8
0.3593	,1430,1.09248508160816e-8
0.3594	,1430,1.09248508160816e-8
0.3595	,1430,1.09248508160816e-8
0.3596	,1430,1.09248508160816e-8
0.3597	,1430,1.09248508160816e-8
0.3598	,1430,1.09248508160816e-8
0.3599	,1430,1.09248508160816e-8
0.36	,1430,1.09248508160816e-8
0.3601	,1430,1.09248508160816e-8
0.3602	,1430,1.09248508160816e-8
0.3603	,1430,1.09248508160816e-8
0.3604	,1430,1.09248508160816e-8
0.3605	,1430,1.09248508160816e-8
0.3606	,1430,1.0794793068271106e-8
0.3607	,1430,1.0794793068271106e-8
0.3608	,1430,1.0794793068271106e-8
0.3609	,1430,1.0794793068271106e-8
0.361	,1430,1.0794793068271106e-8
0.3611	,1430,1.0794793068271106e-8
0.3612	,1430,1.0794793068271106e-8
0.3613	,1430,1.0794793068271106e-8
0.3614	,1430,1.0794793068271106e-8
0.3615	,1430,1.0794793068271106e-8
0.3616	,1430,1.0794793068271106e-8
0.3617	,1430,1.0794793068271106e-8
0.3618	,1430,1.0794793068271106e-8
0.3619	,1430,1.0794793068271106e-8
0.362	,1430,1.0664735320460613e-8
0.3621	,1430,1.0664735320460613e-8
0.3622	,1430,1.0664735320460613e-8
0.3623	,1430,1.0664735320460613e-8
0.3624	,1430,1.0664735320460613e-8
0.3625	,1430,1.0664735320460613e-8
0.3626	,1430,1.0664735320460613e-8
0.3627	,1430,1.0664735320460613e-8
0.3628	,1430,1.0664735320460613e-8
0.3629	,1430,1.0664735320460613e-8
0.363	,1430,1.0664735320460613e-8
0.3631	,1430,1.0664735320460613e-8
0.3632	,1430,1.0664735320460613e-8
0.3633	,1430,1.0664735320460613e-8
0.3634	,1430,1.0534677572650118e-8
0.3635	,1430,1.0534677572650118e-8
0.3636	,1430,1.0534677572650118e-8
0.3637	,1430,1.0534677572650118e-8
0.3638	,1430,1.0534677572650118e-8
0.3639	,1430,1.0534677572650118e-8
0.364	,1430,1.0534677572650118e-8
0.3641	,1430,1.0534677572650118e-8
0.3642	,1430,1.0534677572650118e-8
0.3643	,1430,1.0534677572650118e-8
0.3644	,1430,1.0534677572650118e-8
0.3645	,1430,1.0534677572650118e-8
0.3646	,1430,1.0534677572650118e-8
0.3647	,1430,1.0404619824839624e-8
0.3648	,1430,1.0404619824839624e-8
0.3649	,1430,1.0404619824839624e-8
0.365	,1430,1.0404619824839624e-8
0.3651	,1430,1.0404619824839624e-8
0.3652	,1430,1.0404619824839624e-8
0.3653	,1430,1.0404619824839624e-8
0.3654	,1430,1.0404619824839624e-8
0.3655	,1430,1.0404619824839624e-8
0.3656	,1430,1.0404619824839624e-8
0.3657	,1430,1.0404619824839624e-8
0.3658	,1430,1.0404619824839624e-8
0.3659	,1430,1.0404619824839624e-8
0.366	,1430,1.0404619824839624e-8
0.3661	,1430,1.0274562077029132e-8
0.3662	,1430,1.0274562077029132e-8
0.3663	,1430,1.0274562077029132e-8
0.3664	,1430,1.0274562077029132e-8
0.3665	,1430,1.0274562077029132e-8
0.3666	,1430,1.0274562077029132e-8
0.3667	,1430,1.0274562077029132e-8
0.3668	,1430,1.0274562077029132e-8
0.3669	,1430,1.0274562077029132e-8
0.367	,1430,1.0274562077029132e-8
0.3671	,1430,1.0274562077029132e-8
0.3672	,1430,1.0274562077029132e-8
0.3673	,1430,1.0274562077029132e-8
0.3674	,1430,1.0144504329218638e-8
0.3675	,1430,1.0144504329218638e-8
0.3676	,1430,1.0144504329218638e-8
0.3677	,1430,1.0144504329218638e-8
0.3678	,1430,1.0144504329218638e-8
0.3679	,1430,1.0144504329218638e-8
0.368	,1430,1.0144504329218638e-8
0.3681	,1430,1.0144504329218638e-8
0.3682	,1430,1.0144504329218638e-8
0.3683	,1430,1.0144504329218638e-8
0.3684	,1430,1.0144504329218638e-8
0.3685	,1430,1.0144504329218638e-8
0.3686	,1430,1.0144504329218638e-8
0.3687	,1430,1.0144504329218638e-8
0.3688	,1430,1.0014446581408144e-8
0.3689	,1430,1.0014446581408144e-8
0.369	,1430,1.0014446581408144e-8
0.3691	,1430,1.0014446581408144e-8
0.3692	,1430,1.0014446581408144e-8
0.3693	,1430,1.0014446581408144e-8
0.3694	,1430,1.0014446581408144e-8
0.3695	,1430,1.0014446581408144e-8
0.3696	,1430,1.0014446581408144e-8
0.3697	,1430,1.0014446581408144e-8
0.3698	,1430,1.0014446581408144e-8
0.3699	,1430,1.0014446581408144e-8
0.37	,1430,1.0014446581408144e-8
0.3701	,1430,1.0014446581408144e-8
0.3702	,1430,9.884388833597649e-9
0.3703	,1430,9.884388833597649e-9
0.3704	,1430,9.884388833597649e-9
0.3705	,1430,9.884388833597649e-9
0.3706	,1430,9.884388833597649e-9
0.3707	,1430,9.884388833597649e-9
0.3708	,1430,9.884388833597649e-9
0.3709	,1430,9.884388833597649e-9
0.371	,1430,9.884388833597649e-9
0.3711	,1430,9.884388833597649e-9
0.3712	,1430,9.884388833597649e-9
0.3713	,1430,9.884388833597649e-9
0.3714	,1430,9.884388833597649e-9
0.3715	,1430,9.754331085787155e-9
0.3716	,1430,9.754331085787155e-9
0.3717	,1430,9.754331085787155e-9
0.3718	,1430,9.754331085787155e-9
0.3719	,1430,9.754331085787155e-9
0.372	,1430,9.754331085787155e-9
0.3721	,1430,9.754331085787155e-9
0.3722	,1430,9.754331085787155e-9
0.3723	,1430,9.754331085787155e-9
0.3724	,1430,9.754331085787155e-9
0.3725	,1430,9.754331085787155e-9
0.3726	,1430,9.754331085787155e-9
0.3727	,1430,9.754331085787155e-9
0.3728	,1430,9.754331085787155e-9
0.3729	,1430,9.624273337976663e-9
0.373	,1430,9.624273337976663e-9
0.3731	,1430,9.624273337976663e-9
0.3732	,1430,9.624273337976663e-9
0.3733	,1430,9.624273337976663e-9
0.3734	,1430,9.624273337976663e-9
0.3735	,1430,9.624273337976663e-9
0.3736	,1430,9.624273337976663e-9
0.3737	,1430,9.624273337976663e-9
0.3738	,1430,9.624273337976663e-9
0.3739	,1430,9.624273337976663e-9
0.374	,1430,9.624273337976663e-9
0.3741	,1430,9.624273337976663e-9
0.3742	,1430,9.494215590166169e-9
0.3743	,1430,9.494215590166169e-9
0.3744	,1430,9.494215590166169e-9
0.3745	,1430,9.494215590166169e-9
0.3746	,1430,9.494215590166169e-9
0.3747	,1430,9.494215590166169e-9
0.3748	,1430,9.494215590166169e-9
0.3749	,1430,9.494215590166169e-9
0.375	,1430,9.494215590166169e-9
0.3751	,1430,9.494215590166169e-9
0.3752	,1430,9.494215590166169e-9
0.3753	,1430,9.494215590166169e-9
0.3754	,1430,9.494215590166169e-9
0.3755	,1430,9.494215590166169e-9
0.3756	,1430,9.364157842355675e-9
0.3757	,1430,9.364157842355675e-9
0.3758	,1430,9.364157842355675e-9
0.3759	,1430,9.364157842355675e-9
0.376	,1430,9.364157842355675e-9
0.3761	,1430,9.364157842355675e-9
0.3762	,1430,9.364157842355675e-9
0.3763	,1430,9.364157842355675e-9
0.3764	,1430,9.364157842355675e-9
0.3765	,1430,9.364157842355675e-9
0.3766	,1430,9.364157842355675e-9
0.3767	,1430,9.364157842355675e-9
0.3768	,1430,9.364157842355675e-9
0.3769	,1430,9.364157842355675e-9
0.377	,1430,9.23410009454518e-9
0.3771	,1430,9.23410009454518e-9
0.3772	,1430,9.23410009454518e-9
0.3773	,1430,9.23410009454518e-9
0.3774	,1430,9.23410009454518e-9
0.3775	,1430,9.23410009454518e-9
0.3776	,1430,9.23410009454518e-9
0.3777	,1430,9.23410009454518e-9
0.3778	,1430,9.23410009454518e-9
0.3779	,1430,9.23410009454518e-9
0.378	,1430,9.23410009454518e-9
0.3781	,1430,9.23410009454518e-9
0.3782	,1430,9.23410009454518e-9
0.3783	,1430,9.104042346734686e-9
0.3784	,1430,9.104042346734686e-9
0.3785	,1430,9.104042346734686e-9
0.3786	,1430,9.104042346734686e-9
0.3787	,1430,9.104042346734686e-9
0.3788	,1430,9.104042346734686e-9
0.3789	,1430,9.104042346734686e-9
0.379	,1430,9.104042346734686e-9
0.3791	,1430,9.104042346734686e-9
0.3792	,1430,9.104042346734686e-9
0.3793	,1430,9.104042346734686e-9
0.3794	,1430,9.104042346734686e-9
0.3795	,1430,9.104042346734686e-9
0.3796	,1430,9.104042346734686e-9
0.3797	,1430,8.973984598924192e-9
0.3798	,1430,8.973984598924192e-9
0.3799	,1430,8.973984598924192e-9
0.38	,1430,8.973984598924192e-9
0.3801	,1430,8.973984598924192e-9
0.3802	,1430,8.973984598924192e-9
0.3803	,1430,8.973984598924192e-9
0.3804	,1430,8.973984598924192e-9
0.3805	,1430,8.973984598924192e-9
0.3806	,1430,8.973984598924192e-9
0.3807	,1430,8.973984598924192e-9
0.3808	,1430,8.973984598924192e-9
0.3809	,1430,8.973984598924192e-9
0.381	,1430,8.973984598924192e-9
0.3811	,1430,8.843926851113698e-9
0.3812	,1430,8.843926851113698e-9
0.3813	,1430,8.843926851113698e-9
0.3814	,1430,8.843926851113698e-9
0.3815	,1430,8.843926851113698e-9
0.3816	,1430,8.843926851113698e-9
0.3817	,1430,8.843926851113698e-9
0.3818	,1430,8.843926851113698e-9
0.3819	,1430,8.843926851113698e-9
0.382	,1430,8.843926851113698e-9
0.3821	,1430,8.843926851113698e-9
0.3822	,1430,8.843926851113698e-9
0.3823	,1430,8.843926851113698e-9
0.3824	,1430,8.713869103303204e-9
0.3825	,1430,8.713869103303204e-9
0.3826	,1430,8.713869103303204e-9
0.3827	,1430,8.713869103303204e-9
0.3828	,1430,8.713869103303204e-9
0.3829	,1430,8.713869103303204e-9
0.383	,1430,8.713869103303204e-9
0.3831	,1430,8.713869103303204e-9
0.3832	,1430,8.713869103303204e-9
0.3833	,1430,8.713869103303204e-9
0.3834	,1430,8.713869103303204e-9
0.3835	,1430,8.713869103303204e-9
0.3836	,1430,8.713869103303204e-9
0.3837	,1430,8.713869103303204e-9
0.3838	,1430,8.583811355492709e-9
0.3839	,1430,8.583811355492709e-9
0.384	,1430,8.583811355492709e-9
0.3841	,1430,8.583811355492709e-9
0.3842	,1430,8.583811355492709e-9
0.3843	,1430,8.583811355492709e-9
0.3844	,1430,8.583811355492709e-9
0.3845	,1430,8.583811355492709e-9
0.3846	,1430,8.583811355492709e-9
0.3847	,1430,8.583811355492709e-9
0.3848	,1430,8.583811355492709e-9
0.3849	,1430,8.583811355492709e-9
0.385	,1430,8.583811355492709e-9
0.3851	,1430,8.453753607682215e-9
0.3852	,1430,8.453753607682215e-9
0.3853	,1430,8.453753607682215e-9
0.3854	,1430,8.453753607682215e-9
0.3855	,1430,8.453753607682215e-9
0.3856	,1430,8.453753607682215e-9
0.3857	,1430,8.453753607682215e-9
0.3858	,1430,8.453753607682215e-9
0.3859	,1430,8.453753607682215e-9
0.386	,1430,8.453753607682215e-9
0.3861	,1430,8.453753607682215e-9
0.3862	,1430,8.453753607682215e-9
0.3863	,1430,8.453753607682215e-9
0.3864	,1430,8.453753607682215e-9
0.3865	,1430,8.323695859871721e-9
0.3866	,1430,8.323695859871721e-9
0.3867	,1430,8.323695859871721e-9
0.3868	,1430,8.323695859871721e-9
0.3869	,1430,8.323695859871721e-9
0.387	,1430,8.323695859871721e-9
0.3871	,1430,8.323695859871721e-9
0.3872	,1430,8.323695859871721e-9
0.3873	,1430,8.323695859871721e-9
0.3874	,1430,8.323695859871721e-9
0.3875	,1430,8.323695859871721e-9
0.3876	,1430,8.323695859871721e-9
0.3877	,1430,8.323695859871721e-9
0.3878	,1430,8.323695859871721e-9
0.3879	,1430,8.193638112061227e-9
0.388	,1430,8.193638112061227e-9
0.3881	,1430,8.193638112061227e-9
0.3882	,1430,8.193638112061227e-9
0.3883	,1430,8.193638112061227e-9
0.3884	,1430,8.193638112061227e-9
0.3885	,1430,8.193638112061227e-9
0.3886	,1430,8.193638112061227e-9
0.3887	,1430,8.193638112061227e-9
0.3888	,1430,8.193638112061227e-9
0.3889	,1430,8.193638112061227e-9
0.389	,1430,8.193638112061227e-9
0.3891	,1430,8.193638112061227e-9
0.3892	,1430,8.063580364250733e-9
0.3893	,1430,8.063580364250733e-9
0.3894	,1430,8.063580364250733e-9
0.3895	,1430,8.063580364250733e-9
0.3896	,1430,8.063580364250733e-9
0.3897	,1430,8.063580364250733e-9
0.3898	,1430,8.063580364250733e-9
0.3899	,1430,8.063580364250733e-9
0.39	,1430,8.063580364250733e-9
0.3901	,1430,8.063580364250733e-9
0.3902	,1430,8.063580364250733e-9
0.3903	,1430,8.063580364250733e-9
0.3904	,1430,8.063580364250733e-9
0.3905	,1430,8.063580364250733e-9
0.3906	,1430,7.933522616440238e-9
0.3907	,1430,7.933522616440238e-9
0.3908	,1430,7.933522616440238e-9
0.3909	,1430,7.933522616440238e-9
0.391	,1430,7.933522616440238e-9
0.3911	,1430,7.933522616440238e-9
0.3912	,1430,7.933522616440238e-9
0.3913	,1430,7.933522616440238e-9
0.3914	,1430,7.933522616440238e-9
0.3915	,1430,7.933522616440238e-9
0.3916	,1430,7.933522616440238e-9
0.3917	,1430,7.933522616440238e-9
0.3918	,1430,7.933522616440238e-9
0.3919	,1430,7.803464868629742e-9
0.392	,1430,7.803464868629742e-9
0.3921	,1430,7.803464868629742e-9
0.3922	,1430,7.803464868629742e-9
0.3923	,1430,7.803464868629742e-9
0.3924	,1430,7.803464868629742e-9
0.3925	,1430,7.803464868629742e-9
0.3926	,1430,7.803464868629742e-9
0.3927	,1430,7.803464868629742e-9
0.3928	,1430,7.803464868629742e-9
0.3929	,1430,7.803464868629742e-9
0.393	,1430,7.803464868629742e-9
0.3931	,1430,7.803464868629742e-9
0.3932	,1430,7.803464868629742e-9
0.3933	,1430,7.673407120819249e-9
0.3934	,1430,7.673407120819249e-9
0.3935	,1430,7.673407120819249e-9
0.3936	,1430,7.673407120819249e-9
0.3937	,1430,7.673407120819249e-9
0.3938	,1430,7.673407120819249e-9
0.3939	,1430,7.673407120819249e-9
0.394	,1430,7.673407120819249e-9
0.3941	,1430,7.673407120819249e-9
0.3942	,1430,7.673407120819249e-9
0.3943	,1430,7.673407120819249e-9
0.3944	,1430,7.673407120819249e-9
0.3945	,1430,7.673407120819249e-9
0.3946	,1430,7.673407120819249e-9
0.3947	,1430,7.543349373008755e-9
0.3948	,1430,7.543349373008755e-9
0.3949	,1430,7.543349373008755e-9
0.395	,1430,7.543349373008755e-9
0.3951	,1430,7.543349373008755e-9
0.3952	,1430,7.543349373008755e-9
0.3953	,1430,7.543349373008755e-9
0.3954	,1430,7.543349373008755e-9
0.3955	,1430,7.543349373008755e-9
0.3956	,1430,7.543349373008755e-9
0.3957	,1430,7.543349373008755e-9
0.3958	,1430,7.543349373008755e-9
0.3959	,1430,7.543349373008755e-9
0.396	,1430,7.41329162519826e-9
0.3961	,1430,7.41329162519826e-9
0.3962	,1430,7.41329162519826e-9
0.3963	,1430,7.41329162519826e-9
0.3964	,1430,7.41329162519826e-9
0.3965	,1430,7.41329162519826e-9
0.3966	,1430,7.41329162519826e-9
0.3967	,1430,7.41329162519826e-9
0.3968	,1430,7.41329162519826e-9
0.3969	,1430,7.41329162519826e-9
0.397	,1430,7.41329162519826e-9
0.3971	,1430,7.41329162519826e-9
0.3972	,1430,7.41329162519826e-9
0.3973	,1430,7.41329162519826e-9
0.3974	,1430,7.283233877387765e-9
0.3975	,1430,7.283233877387765e-9
0.3976	,1430,7.283233877387765e-9
0.3977	,1430,7.283233877387765e-9
0.3978	,1430,7.283233877387765e-9
0.3979	,1430,7.283233877387765e-9
0.398	,1430,7.283233877387765e-9
0.3981	,1430,7.283233877387765e-9
0.3982	,1430,7.283233877387765e-9
0.3983	,1430,7.283233877387765e-9
0.3984	,1430,7.283233877387765e-9
0.3985	,1430,7.283233877387765e-9
0.3986	,1430,7.283233877387765e-9
0.3987	,1430,7.15317612957727e-9
0.3988	,1430,7.15317612957727e-9
0.3989	,1430,7.15317612957727e-9
0.399	,1430,7.15317612957727e-9
0.3991	,1430,7.15317612957727e-9
0.3992	,1430,7.15317612957727e-9
0.3993	,1430,7.15317612957727e-9
0.3994	,1430,7.15317612957727e-9
0.3995	,1430,7.15317612957727e-9
0.3996	,1430,7.15317612957727e-9
0.3997	,1430,7.15317612957727e-9
0.3998	,1430,7.15317612957727e-9
0.3999	,1430,7.15317612957727e-9
0.4	,1430,7.15317612957727e-9
0.4001	,1430,7.023118381766776e-9
0.4002	,1430,7.023118381766776e-9
0.4003	,1430,7.023118381766776e-9
0.4004	,1430,7.023118381766776e-9
0.4005	,1430,7.023118381766776e-9
0.4006	,1430,7.023118381766776e-9
0.4007	,1430,7.023118381766776e-9
0.4008	,1430,7.023118381766776e-9
0.4009	,1430,7.023118381766776e-9
0.401	,1430,7.023118381766776e-9
0.4011	,1430,7.023118381766776e-9
0.4012	,1430,7.023118381766776e-9
0.4013	,1430,7.023118381766776e-9
0.4014	,1430,7.023118381766776e-9
0.4015	,1430,6.8930606339562815e-9
0.4016	,1430,6.8930606339562815e-9
0.4017	,1430,6.8930606339562815e-9
0.4018	,1430,6.8930606339562815e-9
0.4019	,1430,6.8930606339562815e-9
0.402	,1430,6.8930606339562815e-9
0.4021	,1430,6.8930606339562815e-9
0.4022	,1430,6.8930606339562815e-9
0.4023	,1430,6.8930606339562815e-9
0.4024	,1430,6.8930606339562815e-9
0.4025	,1430,6.8930606339562815e-9
0.4026	,1430,6.8930606339562815e-9
0.4027	,1430,6.8930606339562815e-9
0.4028	,1430,6.763002886145787e-9
0.4029	,1430,6.763002886145787e-9
0.403	,1430,6.763002886145787e-9
0.4031	,1430,6.763002886145787e-9
0.4032	,1430,6.763002886145787e-9
0.4033	,1430,6.763002886145787e-9
0.4034	,1430,6.763002886145787e-9
0.4035	,1430,6.763002886145787e-9
0.4036	,1430,6.763002886145787e-9
0.4037	,1430,6.763002886145787e-9
0.4038	,1430,6.763002886145787e-9
0.4039	,1430,6.763002886145787e-9
0.404	,1430,6.763002886145787e-9
0.4041	,1430,6.763002886145787e-9
0.4042	,1430,6.632945138335291e-9
0.4043	,1430,6.632945138335291e-9
0.4044	,1430,6.632945138335291e-9
0.4045	,1430,6.632945138335291e-9
0.4046	,1430,6.632945138335291e-9
0.4047	,1430,6.632945138335291e-9
0.4048	,1430,6.632945138335291e-9
0.4049	,1430,6.632945138335291e-9
0.405	,1430,6.632945138335291e-9
0.4051	,1430,6.632945138335291e-9
0.4052	,1430,6.632945138335291e-9
0.4053	,1430,6.632945138335291e-9
0.4054	,1430,6.632945138335291e-9
0.4055	,1430,6.502887390524797e-9
0.4056	,1430,6.502887390524797e-9
0.4057	,1430,6.502887390524797e-9
0.4058	,1430,6.502887390524797e-9
0.4059	,1430,6.502887390524797e-9
0.406	,1430,6.502887390524797e-9
0.4061	,1430,6.502887390524797e-9
0.4062	,1430,6.502887390524797e-9
0.4063	,1430,6.502887390524797e-9
0.4064	,1430,6.502887390524797e-9
0.4065	,1430,6.502887390524797e-9
0.4066	,1430,6.502887390524797e-9
0.4067	,1430,6.502887390524797e-9
0.4068	,1430,6.502887390524797e-9
0.4069	,1430,6.372829642714302e-9
0.407	,1430,6.372829642714302e-9
0.4071	,1430,6.372829642714302e-9
0.4072	,1430,6.372829642714302e-9
0.4073	,1430,6.372829642714302e-9
0.4074	,1430,6.372829642714302e-9
0.4075	,1430,6.372829642714302e-9
0.4076	,1430,6.372829642714302e-9
0.4077	,1430,6.372829642714302e-9
0.4078	,1430,6.372829642714302e-9
0.4079	,1430,6.372829642714302e-9
0.408	,1430,6.372829642714302e-9
0.4081	,1430,6.372829642714302e-9
0.4082	,1430,6.372829642714302e-9
0.4083	,1430,6.2427718949038066e-9
0.4084	,1430,6.2427718949038066e-9
0.4085	,1430,6.2427718949038066e-9
0.4086	,1430,6.2427718949038066e-9
0.4087	,1430,6.2427718949038066e-9
0.4088	,1430,6.2427718949038066e-9
0.4089	,1430,6.2427718949038066e-9
0.409	,1430,6.2427718949038066e-9
0.4091	,1430,6.2427718949038066e-9
0.4092	,1430,6.2427718949038066e-9
0.4093	,1430,6.2427718949038066e-9
0.4094	,1430,6.2427718949038066e-9
0.4095	,1430,6.2427718949038066e-9
0.4096	,1430,6.112714147093312e-9
0.4097	,1430,6.112714147093312e-9
0.4098	,1430,6.112714147093312e-9
0.4099	,1430,6.112714147093312e-9
0.41	,1430,6.112714147093312e-9
0.4101	,1430,6.112714147093312e-9
0.4102	,1430,6.112714147093312e-9
0.4103	,1430,6.112714147093312e-9
0.4104	,1430,6.112714147093312e-9
0.4105	,1430,6.112714147093312e-9
0.4106	,1430,6.112714147093312e-9
0.4107	,1430,6.112714147093312e-9
0.4108	,1430,6.112714147093312e-9
0.4109	,1430,6.112714147093312e-9
0.411	,1430,5.982656399282816e-9
0.4111	,1430,5.982656399282816e-9
0.4112	,1430,5.982656399282816e-9
0.4113	,1430,5.982656399282816e-9
0.4114	,1430,5.982656399282816e-9
0.4115	,1430,5.982656399282816e-9
0.4116	,1430,5.982656399282816e-9
0.4117	,1430,5.982656399282816e-9
0.4118	,1430,5.982656399282816e-9
0.4119	,1430,5.982656399282816e-9
0.412	,1430,5.982656399282816e-9
0.4121	,1430,5.982656399282816e-9
0.4122	,1430,5.982656399282816e-9
0.4123	,1430,5.852598651472322e-9
0.4124	,1430,5.852598651472322e-9
0.4125	,1430,5.852598651472322e-9
0.4126	,1430,5.852598651472322e-9
0.4127	,1430,5.852598651472322e-9
0.4128	,1430,5.852598651472322e-9
0.4129	,1430,5.852598651472322e-9
0.413	,1430,5.852598651472322e-9
0.4131	,1430,5.852598651472322e-9
0.4132	,1430,5.852598651472322e-9
0.4133	,1430,5.852598651472322e-9
0.4134	,1430,5.852598651472322e-9
0.4135	,1430,5.852598651472322e-9
0.4136	,1430,5.852598651472322e-9
0.4137	,1430,5.722540903661826e-9
0.4138	,1430,5.722540903661826e-9
0.4139	,1430,5.722540903661826e-9
0.414	,1430,5.722540903661826e-9
0.4141	,1430,5.722540903661826e-9
0.4142	,1430,5.722540903661826e-9
0.4143	,1430,5.722540903661826e-9
0.4144	,1430,5.722540903661826e-9
0.4145	,1430,5.722540903661826e-9
0.4146	,1430,5.722540903661826e-9
0.4147	,1430,5.722540903661826e-9
0.4148	,1430,5.722540903661826e-9
0.4149	,1430,5.722540903661826e-9
0.415	,1430,5.722540903661826e-9
0.4151	,1430,5.592483155851332e-9
0.4152	,1430,5.592483155851332e-9
0.4153	,1430,5.592483155851332e-9
0.4154	,1430,5.592483155851332e-9
0.4155	,1430,5.592483155851332e-9
0.4156	,1430,5.592483155851332e-9
0.4157	,1430,5.592483155851332e-9
0.4158	,1430,5.592483155851332e-9
0.4159	,1430,5.592483155851332e-9
0.416	,1430,5.592483155851332e-9
0.4161	,1430,5.592483155851332e-9
0.4162	,1430,5.592483155851332e-9
0.4163	,1430,5.592483155851332e-9
0.4164	,1430,5.462425408040837e-9
0.4165	,1430,5.462425408040837e-9
0.4166	,1430,5.462425408040837e-9
0.4167	,1430,5.462425408040837e-9
0.4168	,1430,5.462425408040837e-9
0.4169	,1430,5.462425408040837e-9
0.417	,1430,5.462425408040837e-9
0.4171	,1430,5.462425408040837e-9
0.4172	,1430,5.462425408040837e-9
0.4173	,1430,5.462425408040837e-9
0.4174	,1430,5.462425408040837e-9
0.4175	,1430,5.462425408040837e-9
0.4176	,1430,5.462425408040837e-9
0.4177	,1430,5.462425408040837e-9
0.4178	,1430,5.332367660230341e-9
0.4179	,1430,5.332367660230341e-9
0.418	,1430,5.332367660230341e-9
0.4181	,1430,5.332367660230341e-9
0.4182	,1430,5.332367660230341e-9
0.4183	,1430,5.332367660230341e-9
0.4184	,1430,5.332367660230341e-9
0.4185	,1430,5.332367660230341e-9
0.4186	,1430,5.332367660230341e-9
0.4187	,1430,5.332367660230341e-9
0.4188	,1430,5.332367660230341e-9
0.4189	,1430,5.332367660230341e-9
0.419	,1430,5.332367660230341e-9
0.4191	,1430,5.202309912419845e-9
0.4192	,1430,5.202309912419845e-9
0.4193	,1430,5.202309912419845e-9
0.4194	,1430,5.202309912419845e-9
0.4195	,1430,5.202309912419845e-9
0.4196	,1430,5.202309912419845e-9
0.4197	,1430,5.202309912419845e-9
0.4198	,1430,5.202309912419845e-9
0.4199	,1430,5.202309912419845e-9
0.42	,1430,5.202309912419845e-9
0.4201	,1430,5.202309912419845e-9
0.4202	,1430,5.202309912419845e-9
0.4203	,1430,5.202309912419845e-9
0.4204	,1430,5.202309912419845e-9
0.4205	,1430,5.0722521646093505e-9
0.4206	,1430,5.0722521646093505e-9
0.4207	,1430,5.0722521646093505e-9
0.4208	,1430,5.0722521646093505e-9
0.4209	,1430,5.0722521646093505e-9
0.421	,1430,5.0722521646093505e-9
0.4211	,1430,5.0722521646093505e-9
0.4212	,1430,5.0722521646093505e-9
0.4213	,1430,5.0722521646093505e-9
0.4214	,1430,5.0722521646093505e-9
0.4215	,1430,5.0722521646093505e-9
0.4216	,1430,5.0722521646093505e-9
0.4217	,1430,5.0722521646093505e-9
0.4218	,1430,5.0722521646093505e-9
0.4219	,1430,4.942194416798855e-9
0.422	,1430,4.942194416798855e-9
0.4221	,1430,4.942194416798855e-9
0.4222	,1430,4.942194416798855e-9
0.4223	,1430,4.942194416798855e-9
0.4224	,1430,4.942194416798855e-9
0.4225	,1430,4.942194416798855e-9
0.4226	,1430,4.942194416798855e-9
0.4227	,1430,4.942194416798855e-9
0.4228	,1430,4.942194416798855e-9
0.4229	,1430,4.942194416798855e-9
0.423	,1430,4.942194416798855e-9
0.4231	,1430,4.942194416798855e-9
0.4232	,1430,4.8121366689883595e-9
0.4233	,1430,4.8121366689883595e-9
0.4234	,1430,4.8121366689883595e-9
0.4235	,1430,4.8121366689883595e-9
0.4236	,1430,4.8121366689883595e-9
0.4237	,1430,4.8121366689883595e-9
0.4238	,1430,4.8121366689883595e-9
0.4239	,1430,4.8121366689883595e-9
0.424	,1430,4.8121366689883595e-9
0.4241	,1430,4.8121366689883595e-9
0.4242	,1430,4.8121366689883595e-9
0.4243	,1430,4.8121366689883595e-9
0.4244	,1430,4.8121366689883595e-9
0.4245	,1430,4.8121366689883595e-9
0.4246	,1430,4.682078921177864e-9
0.4247	,1430,4.682078921177864e-9
0.4248	,1430,4.682078921177864e-9
0.4249	,1430,4.682078921177864e-9
0.425	,1430,4.682078921177864e-9
0.4251	,1430,4.682078921177864e-9
0.4252	,1430,4.682078921177864e-9
0.4253	,1430,4.682078921177864e-9
0.4254	,1430,4.682078921177864e-9
0.4255	,1430,4.682078921177864e-9
0.4256	,1430,4.682078921177864e-9
0.4257	,1430,4.682078921177864e-9
0.4258	,1430,4.682078921177864e-9
0.4259	,1430,4.682078921177864e-9
0.426	,1430,4.5520211733673685e-9
0.4261	,1430,4.5520211733673685e-9
0.4262	,1430,4.5520211733673685e-9
0.4263	,1430,4.5520211733673685e-9
0.4264	,1430,4.5520211733673685e-9
0.4265	,1430,4.5520211733673685e-9
0.4266	,1430,4.5520211733673685e-9
0.4267	,1430,4.5520211733673685e-9
0.4268	,1430,4.5520211733673685e-9
0.4269	,1430,4.5520211733673685e-9
0.427	,1430,4.5520211733673685e-9
0.4271	,1430,4.5520211733673685e-9
0.4272	,1430,4.5520211733673685e-9
0.4273	,1430,4.421963425556873e-9
0.4274	,1430,4.421963425556873e-9
0.4275	,1430,4.421963425556873e-9
0.4276	,1430,4.421963425556873e-9
0.4277	,1430,4.421963425556873e-9
0.4278	,1430,4.421963425556873e-9
0.4279	,1430,4.421963425556873e-9
0.428	,1430,4.421963425556873e-9
0.4281	,1430,4.421963425556873e-9
0.4282	,1430,4.421963425556873e-9
0.4283	,1430,4.421963425556873e-9
0.4284	,1430,4.421963425556873e-9
0.4285	,1430,4.421963425556873e-9
0.4286	,1430,4.421963425556873e-9
0.4287	,1430,4.2919056777463776e-9
0.4288	,1430,4.2919056777463776e-9
0.4289	,1430,4.2919056777463776e-9
0.429	,1430,4.2919056777463776e-9
0.4291	,1430,4.2919056777463776e-9
0.4292	,1430,4.2919056777463776e-9
0.4293	,1430,4.2919056777463776e-9
0.4294	,1430,4.2919056777463776e-9
0.4295	,1430,4.2919056777463776e-9
0.4296	,1430,4.2919056777463776e-9
0.4297	,1430,4.2919056777463776e-9
0.4298	,1430,4.2919056777463776e-9
0.4299	,1430,4.2919056777463776e-9
0.43	,1430,4.161847929935882e-9
0.4301	,1430,4.161847929935882e-9
0.4302	,1430,4.161847929935882e-9
0.4303	,1430,4.161847929935882e-9
0.4304	,1430,4.161847929935882e-9
0.4305	,1430,4.161847929935882e-9
0.4306	,1430,4.161847929935882e-9
0.4307	,1430,4.161847929935882e-9
0.4308	,1430,4.161847929935882e-9
0.4309	,1430,4.161847929935882e-9
0.431	,1430,4.161847929935882e-9
0.4311	,1430,4.161847929935882e-9
0.4312	,1430,4.161847929935882e-9
0.4313	,1430,4.161847929935882e-9
0.4314	,1430,4.031790182125386e-9
0.4315	,1430,4.031790182125386e-9
0.4316	,1430,4.031790182125386e-9
0.4317	,1430,4.031790182125386e-9
0.4318	,1430,4.031790182125386e-9
0.4319	,1430,4.031790182125386e-9
0.432	,1430,4.031790182125386e-9
0.4321	,1430,4.031790182125386e-9
0.4322	,1430,4.031790182125386e-9
0.4323	,1430,4.031790182125386e-9
0.4324	,1430,4.031790182125386e-9
0.4325	,1430,4.031790182125386e-9
0.4326	,1430,4.031790182125386e-9
0.4327	,1430,4.031790182125386e-9
0.4328	,1430,3.90173243431489e-9
0.4329	,1430,3.90173243431489e-9
0.433	,1430,3.90173243431489e-9
0.4331	,1430,3.90173243431489e-9
0.4332	,1430,3.90173243431489e-9
0.4333	,1430,3.90173243431489e-9
0.4334	,1430,3.90173243431489e-9
0.4335	,1430,3.90173243431489e-9
0.4336	,1430,3.90173243431489e-9
0.4337	,1430,3.90173243431489e-9
0.4338	,1430,3.90173243431489e-9
0.4339	,1430,3.90173243431489e-9
0.434	,1430,3.90173243431489e-9
0.4341	,1430,3.771674686504395e-9
0.4342	,1430,3.771674686504395e-9
0.4343	,1430,3.771674686504395e-9
0.4344	,1430,3.771674686504395e-9
0.4345	,1430,3.771674686504395e-9
0.4346	,1430,3.771674686504395e-9
0.4347	,1430,3.771674686504395e-9
0.4348	,1430,3.771674686504395e-9
0.4349	,1430,3.771674686504395e-9
0.435	,1430,3.771674686504395e-9
0.4351	,1430,3.771674686504395e-9
0.4352	,1430,3.771674686504395e-9
0.4353	,1430,3.771674686504395e-9
0.4354	,1430,3.771674686504395e-9
0.4355	,1430,3.641616938693899e-9
0.4356	,1430,3.641616938693899e-9
0.4357	,1430,3.641616938693899e-9
0.4358	,1430,3.641616938693899e-9
0.4359	,1430,3.641616938693899e-9
0.436	,1430,3.641616938693899e-9
0.4361	,1430,3.641616938693899e-9
0.4362	,1430,3.641616938693899e-9
0.4363	,1430,3.641616938693899e-9
0.4364	,1430,3.641616938693899e-9
0.4365	,1430,3.641616938693899e-9
0.4366	,1430,3.641616938693899e-9
0.4367	,1430,3.641616938693899e-9
0.4368	,1430,3.5115591908834034e-9
0.4369	,1430,3.5115591908834034e-9
0.437	,1430,3.5115591908834034e-9
0.4371	,1430,3.5115591908834034e-9
0.4372	,1430,3.5115591908834034e-9
0.4373	,1430,3.5115591908834034e-9
0.4374	,1430,3.5115591908834034e-9
0.4375	,1430,3.5115591908834034e-9
0.4376	,1430,3.5115591908834034e-9
0.4377	,1430,3.5115591908834034e-9
0.4378	,1430,3.5115591908834034e-9
0.4379	,1430,3.5115591908834034e-9
0.438	,1430,3.5115591908834034e-9
0.4381	,1430,3.5115591908834034e-9
0.4382	,1430,3.3815014430729067e-9
0.4383	,1430,3.3815014430729067e-9
0.4384	,1430,3.3815014430729067e-9
0.4385	,1430,3.3815014430729067e-9
0.4386	,1430,3.3815014430729067e-9
0.4387	,1430,3.3815014430729067e-9
0.4388	,1430,3.3815014430729067e-9
0.4389	,1430,3.3815014430729067e-9
0.439	,1430,3.3815014430729067e-9
0.4391	,1430,3.3815014430729067e-9
0.4392	,1430,3.3815014430729067e-9
0.4393	,1430,3.3815014430729067e-9
0.4394	,1430,3.3815014430729067e-9
0.4395	,1430,3.3815014430729067e-9
0.4396	,1430,3.251443695262411e-9
0.4397	,1430,3.251443695262411e-9
0.4398	,1430,3.251443695262411e-9
0.4399	,1430,3.251443695262411e-9
0.44	,1430,3.251443695262411e-9
0.4401	,1430,3.251443695262411e-9
0.4402	,1430,3.251443695262411e-9
0.4403	,1430,3.251443695262411e-9
0.4404	,1430,3.251443695262411e-9
0.4405	,1430,3.251443695262411e-9
0.4406	,1430,3.251443695262411e-9
0.4407	,1430,3.251443695262411e-9
0.4408	,1430,3.251443695262411e-9
0.4409	,1430,3.1213859474519153e-9
0.441	,1430,3.1213859474519153e-9
0.4411	,1430,3.1213859474519153e-9
0.4412	,1430,3.1213859474519153e-9
0.4413	,1430,3.1213859474519153e-9
0.4414	,1430,3.1213859474519153e-9
0.4415	,1430,3.1213859474519153e-9
0.4416	,1430,3.1213859474519153e-9
0.4417	,1430,3.1213859474519153e-9
0.4418	,1430,3.1213859474519153e-9
0.4419	,1430,3.1213859474519153e-9
0.442	,1430,3.1213859474519153e-9
0.4421	,1430,3.1213859474519153e-9
0.4422	,1430,3.1213859474519153e-9
0.4423	,1430,2.9913281996414194e-9
0.4424	,1430,2.9913281996414194e-9
0.4425	,1430,2.9913281996414194e-9
0.4426	,1430,2.9913281996414194e-9
0.4427	,1430,2.9913281996414194e-9
0.4428	,1430,2.9913281996414194e-9
0.4429	,1430,2.9913281996414194e-9
0.443	,1430,2.9913281996414194e-9
0.4431	,1430,2.9913281996414194e-9
0.4432	,1430,2.9913281996414194e-9
0.4433	,1430,2.9913281996414194e-9
0.4434	,1430,2.9913281996414194e-9
0.4435	,1430,2.9913281996414194e-9
0.4436	,1430,2.8612704518309235e-9
0.4437	,1430,2.8612704518309235e-9
0.4438	,1430,2.8612704518309235e-9
0.4439	,1430,2.8612704518309235e-9
0.444	,1430,2.8612704518309235e-9
0.4441	,1430,2.8612704518309235e-9
0.4442	,1430,2.8612704518309235e-9
0.4443	,1430,2.8612704518309235e-9
0.4444	,1430,2.8612704518309235e-9
0.4445	,1430,2.8612704518309235e-9
0.4446	,1430,2.8612704518309235e-9
0.4447	,1430,2.8612704518309235e-9
0.4448	,1430,2.8612704518309235e-9
0.4449	,1430,2.8612704518309235e-9
0.445	,1430,2.7312127040204267e-9
0.4451	,1430,2.7312127040204267e-9
0.4452	,1430,2.7312127040204267e-9
0.4453	,1430,2.7312127040204267e-9
0.4454	,1430,2.7312127040204267e-9
0.4455	,1430,2.7312127040204267e-9
0.4456	,1430,2.7312127040204267e-9
0.4457	,1430,2.7312127040204267e-9
0.4458	,1430,2.7312127040204267e-9
0.4459	,1430,2.7312127040204267e-9
0.446	,1430,2.7312127040204267e-9
0.4461	,1430,2.7312127040204267e-9
0.4462	,1430,2.7312127040204267e-9
0.4463	,1430,2.7312127040204267e-9
0.4464	,1430,2.601154956209931e-9
0.4465	,1430,2.601154956209931e-9
0.4466	,1430,2.601154956209931e-9
0.4467	,1430,2.601154956209931e-9
0.4468	,1430,2.601154956209931e-9
0.4469	,1430,2.601154956209931e-9
0.447	,1430,2.601154956209931e-9
0.4471	,1430,2.601154956209931e-9
0.4472	,1430,2.601154956209931e-9
0.4473	,1430,2.601154956209931e-9
0.4474	,1430,2.601154956209931e-9
0.4475	,1430,2.601154956209931e-9
0.4476	,1430,2.601154956209931e-9
0.4477	,1430,2.471097208399435e-9
0.4478	,1430,2.471097208399435e-9
0.4479	,1430,2.471097208399435e-9
0.448	,1430,2.471097208399435e-9
0.4481	,1430,2.471097208399435e-9
0.4482	,1430,2.471097208399435e-9
0.4483	,1430,2.471097208399435e-9
0.4484	,1430,2.471097208399435e-9
0.4485	,1430,2.471097208399435e-9
0.4486	,1430,2.471097208399435e-9
0.4487	,1430,2.471097208399435e-9
0.4488	,1430,2.471097208399435e-9
0.4489	,1430,2.471097208399435e-9
0.449	,1430,2.471097208399435e-9
0.4491	,1430,2.3410394605889386e-9
0.4492	,1430,2.3410394605889386e-9
0.4493	,1430,2.3410394605889386e-9
0.4494	,1430,2.3410394605889386e-9
0.4495	,1430,2.3410394605889386e-9
0.4496	,1430,2.3410394605889386e-9
0.4497	,1430,2.3410394605889386e-9
0.4498	,1430,2.3410394605889386e-9
0.4499	,1430,2.3410394605889386e-9
0.45	,1430,2.3410394605889386e-9
0.4501	,1430,2.3410394605889386e-9
0.4502	,1430,2.3410394605889386e-9
0.4503	,1430,2.3410394605889386e-9
0.4504	,1430,2.2109817127784427e-9
0.4505	,1430,2.2109817127784427e-9
0.4506	,1430,2.2109817127784427e-9
0.4507	,1430,2.2109817127784427e-9
0.4508	,1430,2.2109817127784427e-9
0.4509	,1430,2.2109817127784427e-9
0.451	,1430,2.2109817127784427e-9
0.4511	,1430,2.2109817127784427e-9
0.4512	,1430,2.2109817127784427e-9
0.4513	,1430,2.2109817127784427e-9
0.4514	,1430,2.2109817127784427e-9
0.4515	,1430,2.2109817127784427e-9
0.4516	,1430,2.2109817127784427e-9
0.4517	,1430,2.2109817127784427e-9
0.4518	,1430,2.080923964967946e-9
0.4519	,1430,2.080923964967946e-9
0.452	,1430,2.080923964967946e-9
0.4521	,1430,2.080923964967946e-9
0.4522	,1430,2.080923964967946e-9
0.4523	,1430,2.080923964967946e-9
0.4524	,1430,2.080923964967946e-9
0.4525	,1430,2.080923964967946e-9
0.4526	,1430,2.080923964967946e-9
0.4527	,1430,2.080923964967946e-9
0.4528	,1430,2.080923964967946e-9
0.4529	,1430,2.080923964967946e-9
0.453	,1430,2.080923964967946e-9
0.4531	,1430,2.080923964967946e-9
0.4532	,1430,1.9508662171574497e-9
0.4533	,1430,1.9508662171574497e-9
0.4534	,1430,1.9508662171574497e-9
0.4535	,1430,1.9508662171574497e-9
0.4536	,1430,1.9508662171574497e-9
0.4537	,1430,1.9508662171574497e-9
0.4538	,1430,1.9508662171574497e-9
0.4539	,1430,1.9508662171574497e-9
0.454	,1430,1.9508662171574497e-9
0.4541	,1430,1.9508662171574497e-9
0.4542	,1430,1.9508662171574497e-9
0.4543	,1430,1.9508662171574497e-9
0.4544	,1430,1.9508662171574497e-9
0.4545	,1430,1.8208084693469534e-9
0.4546	,1430,1.8208084693469534e-9
0.4547	,1430,1.8208084693469534e-9
0.4548	,1430,1.8208084693469534e-9
0.4549	,1430,1.8208084693469534e-9
0.455	,1430,1.8208084693469534e-9
0.4551	,1430,1.8208084693469534e-9
0.4552	,1430,1.8208084693469534e-9
0.4553	,1430,1.8208084693469534e-9
0.4554	,1430,1.8208084693469534e-9
0.4555	,1430,1.8208084693469534e-9
0.4556	,1430,1.8208084693469534e-9
0.4557	,1430,1.8208084693469534e-9
0.4558	,1430,1.8208084693469534e-9
0.4559	,1430,1.690750721536457e-9
0.456	,1430,1.690750721536457e-9
0.4561	,1430,1.690750721536457e-9
0.4562	,1430,1.690750721536457e-9
0.4563	,1430,1.690750721536457e-9
0.4564	,1430,1.690750721536457e-9
0.4565	,1430,1.690750721536457e-9
0.4566	,1430,1.690750721536457e-9
0.4567	,1430,1.690750721536457e-9
0.4568	,1430,1.690750721536457e-9
0.4569	,1430,1.690750721536457e-9
0.457	,1430,1.690750721536457e-9
0.4571	,1430,1.690750721536457e-9
0.4572	,1430,1.5606929737259607e-9
0.4573	,1430,1.5606929737259607e-9
0.4574	,1430,1.5606929737259607e-9
0.4575	,1430,1.5606929737259607e-9
0.4576	,1430,1.5606929737259607e-9
0.4577	,1430,1.5606929737259607e-9
0.4578	,1430,1.5606929737259607e-9
0.4579	,1430,1.5606929737259607e-9
0.458	,1430,1.5606929737259607e-9
0.4581	,1430,1.5606929737259607e-9
0.4582	,1430,1.5606929737259607e-9
0.4583	,1430,1.5606929737259607e-9
0.4584	,1430,1.5606929737259607e-9
0.4585	,1430,1.5606929737259607e-9
0.4586	,1430,1.430635225915464e-9
0.4587	,1430,1.430635225915464e-9
0.4588	,1430,1.430635225915464e-9
0.4589	,1430,1.430635225915464e-9
0.459	,1430,1.430635225915464e-9
0.4591	,1430,1.430635225915464e-9
0.4592	,1430,1.430635225915464e-9
0.4593	,1430,1.430635225915464e-9
0.4594	,1430,1.430635225915464e-9
0.4595	,1430,1.430635225915464e-9
0.4596	,1430,1.430635225915464e-9
0.4597	,1430,1.430635225915464e-9
0.4598	,1430,1.430635225915464e-9
0.4599	,1430,1.430635225915464e-9
0.46	,1430,1.3005774781049675e-9
0.4601	,1430,1.3005774781049675e-9
0.4602	,1430,1.3005774781049675e-9
0.4603	,1430,1.3005774781049675e-9
0.4604	,1430,1.3005774781049675e-9
0.4605	,1430,1.3005774781049675e-9
0.4606	,1430,1.3005774781049675e-9
0.4607	,1430,1.3005774781049675e-9
0.4608	,1430,1.3005774781049675e-9
0.4609	,1430,1.3005774781049675e-9
0.461	,1430,1.3005774781049675e-9
0.4611	,1430,1.3005774781049675e-9
0.4612	,1430,1.3005774781049675e-9
0.4613	,1430,1.170519730294471e-9
0.4614	,1430,1.170519730294471e-9
0.4615	,1430,1.170519730294471e-9
0.4616	,1430,1.170519730294471e-9
0.4617	,1430,1.170519730294471e-9
0.4618	,1430,1.170519730294471e-9
0.4619	,1430,1.170519730294471e-9
0.462	,1430,1.170519730294471e-9
0.4621	,1430,1.170519730294471e-9
0.4622	,1430,1.170519730294471e-9
0.4623	,1430,1.170519730294471e-9
0.4624	,1430,1.170519730294471e-9
0.4625	,1430,1.170519730294471e-9
0.4626	,1430,1.170519730294471e-9
0.4627	,1430,1.0404619824839744e-9
0.4628	,1430,1.0404619824839744e-9
0.4629	,1430,1.0404619824839744e-9
0.463	,1430,1.0404619824839744e-9
0.4631	,1430,1.0404619824839744e-9
0.4632	,1430,1.0404619824839744e-9
0.4633	,1430,1.0404619824839744e-9
0.4634	,1430,1.0404619824839744e-9
0.4635	,1430,1.0404619824839744e-9
0.4636	,1430,1.0404619824839744e-9
0.4637	,1430,1.0404619824839744e-9
0.4638	,1430,1.0404619824839744e-9
0.4639	,1430,1.0404619824839744e-9
0.464	,1430,9.104042346734778e-10
0.4641	,1430,9.104042346734778e-10
0.4642	,1430,9.104042346734778e-10
0.4643	,1430,9.104042346734778e-10
0.4644	,1430,9.104042346734778e-10
0.4645	,1430,9.104042346734778e-10
0.4646	,1430,9.104042346734778e-10
0.4647	,1430,9.104042346734778e-10
0.4648	,1430,9.104042346734778e-10
0.4649	,1430,9.104042346734778e-10
0.465	,1430,9.104042346734778e-10
0.4651	,1430,9.104042346734778e-10
0.4652	,1430,9.104042346734778e-10
0.4653	,1430,9.104042346734778e-10
0.4654	,1430,7.80346486862981e-10
0.4655	,1430,7.80346486862981e-10
0.4656	,1430,7.80346486862981e-10
0.4657	,1430,7.80346486862981e-10
0.4658	,1430,7.80346486862981e-10
0.4659	,1430,7.80346486862981e-10
0.466	,1430,7.80346486862981e-10
0.4661	,1430,7.80346486862981e-10
0.4662	,1430,7.80346486862981e-10
0.4663	,1430,7.80346486862981e-10
0.4664	,1430,7.80346486862981e-10
0.4665	,1430,7.80346486862981e-10
0.4666	,1430,7.80346486862981e-10
0.4667	,1430,7.80346486862981e-10
0.4668	,1430,6.502887390524843e-10
0.4669	,1430,6.502887390524843e-10
0.467	,1430,6.502887390524843e-10
0.4671	,1430,6.502887390524843e-10
0.4672	,1430,6.502887390524843e-10
0.4673	,1430,6.502887390524843e-10
0.4674	,1430,6.502887390524843e-10
0.4675	,1430,6.502887390524843e-10
0.4676	,1430,6.502887390524843e-10
0.4677	,1430,6.502887390524843e-10
0.4678	,1430,6.502887390524843e-10
0.4679	,1430,6.502887390524843e-10
0.468	,1430,6.502887390524843e-10
0.4681	,1430,5.202309912419875e-10
0.4682	,1430,5.202309912419875e-10
0.4683	,1430,5.202309912419875e-10
0.4684	,1430,5.202309912419875e-10
0.4685	,1430,5.202309912419875e-10
0.4686	,1430,5.202309912419875e-10
0.4687	,1430,5.202309912419875e-10
0.4688	,1430,5.202309912419875e-10
0.4689	,1430,5.202309912419875e-10
0.469	,1430,5.202309912419875e-10
0.4691	,1430,5.202309912419875e-10
0.4692	,1430,5.202309912419875e-10
0.4693	,1430,5.202309912419875e-10
0.4694	,1430,5.202309912419875e-10
0.4695	,1430,3.901732434314907e-10
0.4696	,1430,3.901732434314907e-10
0.4697	,1430,3.901732434314907e-10
0.4698	,1430,3.901732434314907e-10
0.4699	,1430,3.901732434314907e-10
0.47	,1430,3.901732434314907e-10
0.4701	,1430,3.901732434314907e-10
0.4702	,1430,3.901732434314907e-10
0.4703	,1430,3.901732434314907e-10
0.4704	,1430,3.901732434314907e-10
0.4705	,1430,3.901732434314907e-10
0.4706	,1430,3.901732434314907e-10
0.4707	,1430,3.901732434314907e-10
0.4708	,1430,3.901732434314907e-10
0.4709	,1430,2.6011549562099387e-10
0.471	,1430,2.6011549562099387e-10
0.4711	,1430,2.6011549562099387e-10
0.4712	,1430,2.6011549562099387e-10
0.4713	,1430,2.6011549562099387e-10
0.4714	,1430,2.6011549562099387e-10
0.4715	,1430,2.6011549562099387e-10
0.4716	,1430,2.6011549562099387e-10
0.4717	,1430,2.6011549562099387e-10
0.4718	,1430,2.6011549562099387e-10
0.4719	,1430,2.6011549562099387e-10
0.472	,1430,2.6011549562099387e-10
0.4721	,1430,2.6011549562099387e-10
0.4722	,1430,1.3005774781049693e-10
0.4723	,1430,1.3005774781049693e-10
0.4724	,1430,1.3005774781049693e-10
0.4725	,1430,1.3005774781049693e-10
0.4726	,1430,1.3005774781049693e-10
0.4727	,1430,1.3005774781049693e-10
0.4728	,1430,1.3005774781049693e-10
0.4729	,1430,1.3005774781049693e-10
0.473	,1430,1.3005774781049693e-10
0.4731	,1430,1.3005774781049693e-10
0.4732	,1430,1.3005774781049693e-10
0.4733	,1430,1.3005774781049693e-10
0.4734	,1430,1.3005774781049693e-10
0.4735	,1430,1.3005774781049693e-10
0.4736	,1430,1.3005774781049693e-10
0.4737	,1430,1.3005774781049693e-10
0.4738	,1430,1.3005774781049693e-10
0.4739	,1430,1.3005774781049693e-10
0.474	,1430,1.3005774781049693e-10
0.4741	,1430,1.3005774781049693e-10
0.4742	,1430,1.3005774781049693e-10
0.4743	,1430,1.3005774781049693e-10
0.4744	,1430,1.3005774781049693e-10
0.4745	,1430,1.3005774781049693e-10
0.4746	,1430,1.3005774781049693e-10
0.4747	,1430,1.3005774781049693e-10
0.4748	,1430,1.3005774781049693e-10
0.4749	,1430,1.3005774781049693e-10
0.475	,1430,1.3005774781049693e-10
0.4751	,1430,1.3005774781049693e-10
0.4752	,1430,1.3005774781049693e-10
0.4753	,1430,1.3005774781049693e-10
0.4754	,1430,1.3005774781049693e-10
0.4755	,1430,1.3005774781049693e-10
0.4756	,1430,1.3005774781049693e-10
0.4757	,1430,1.3005774781049693e-10
0.4758	,1430,1.3005774781049693e-10
0.4759	,1430,1.3005774781049693e-10
0.476	,1430,1.3005774781049693e-10
0.4761	,1430,1.3005774781049693e-10
0.4762	,1430,1.3005774781049693e-10
0.4763	,1430,1.3005774781049693e-10
0.4764	,1430,1.3005774781049693e-10
0.4765	,1430,1.3005774781049693e-10
0.4766	,1430,1.3005774781049693e-10
0.4767	,1430,1.3005774781049693e-10
0.4768	,1430,1.3005774781049693e-10
0.4769	,1430,1.3005774781049693e-10
0.477	,1430,1.3005774781049693e-10
0.4771	,1430,1.3005774781049693e-10
0.4772	,1430,1.3005774781049693e-10
0.4773	,1430,1.3005774781049693e-10
0.4774	,1430,1.3005774781049693e-10
0.4775	,1430,1.3005774781049693e-10
0.4776	,1430,1.3005774781049693e-10
0.4777	,1430,1.3005774781049693e-10
0.4778	,1430,1.3005774781049693e-10
0.4779	,1430,1.3005774781049693e-10
0.478	,1430,1.3005774781049693e-10
0.4781	,1430,1.3005774781049693e-10
0.4782	,1430,1.3005774781049693e-10
0.4783	,1430,1.3005774781049693e-10
0.4784	,1430,1.3005774781049693e-10
0.4785	,1430,1.3005774781049693e-10
0.4786	,1430,1.3005774781049693e-10
0.4787	,1430,1.3005774781049693e-10
0.4788	,1430,1.3005774781049693e-10
0.4789	,1430,1.3005774781049693e-10
0.479	,1430,1.3005774781049693e-10
0.4791	,1430,1.3005774781049693e-10
0.4792	,1430,1.3005774781049693e-10
0.4793	,1430,1.3005774781049693e-10
0.4794	,1430,1.3005774781049693e-10
0.4795	,1430,1.3005774781049693e-10
0.4796	,1430,1.3005774781049693e-10
0.4797	,1430,1.3005774781049693e-10
0.4798	,1430,1.3005774781049693e-10
0.4799	,1430,1.3005774781049693e-10
0.48	,1430,1.3005774781049693e-10
0.4801	,1430,1.3005774781049693e-10
0.4802	,1430,1.3005774781049693e-10
0.4803	,1430,1.3005774781049693e-10
0.4804	,1430,1.3005774781049693e-10
0.4805	,1430,1.3005774781049693e-10
0.4806	,1430,1.3005774781049693e-10
0.4807	,1430,1.3005774781049693e-10
0.4808	,1430,1.3005774781049693e-10
0.4809	,1430,1.3005774781049693e-10
0.481	,1430,1.3005774781049693e-10
0.4811	,1430,1.3005774781049693e-10
0.4812	,1430,1.3005774781049693e-10
0.4813	,1430,1.3005774781049693e-10
0.4814	,1430,1.3005774781049693e-10
0.4815	,1430,1.3005774781049693e-10
0.4816	,1430,1.3005774781049693e-10
0.4817	,1430,1.3005774781049693e-10
0.4818	,1430,1.3005774781049693e-10
0.4819	,1430,1.3005774781049693e-10
0.482	,1430,1.3005774781049693e-10
0.4821	,1430,1.3005774781049693e-10
0.4822	,1430,1.3005774781049693e-10
0.4823	,1430,1.3005774781049693e-10
0.4824	,1430,1.3005774781049693e-10
0.4825	,1430,1.3005774781049693e-10
0.4826	,1430,1.3005774781049693e-10
0.4827	,1430,1.3005774781049693e-10
0.4828	,1430,1.3005774781049693e-10
0.4829	,1430,1.3005774781049693e-10
0.483	,1430,1.3005774781049693e-10
0.4831	,1430,1.3005774781049693e-10
0.4832	,1430,1.3005774781049693e-10
0.4833	,1430,1.3005774781049693e-10
0.4834	,1430,1.3005774781049693e-10
0.4835	,1430,1.3005774781049693e-10
0.4836	,1430,1.3005774781049693e-10
0.4837	,1430,1.3005774781049693e-10
0.4838	,1430,1.3005774781049693e-10
0.4839	,1430,1.3005774781049693e-10
0.484	,1430,1.3005774781049693e-10
0.4841	,1430,1.3005774781049693e-10
0.4842	,1430,1.3005774781049693e-10
0.4843	,1430,1.3005774781049693e-10
0.4844	,1430,1.3005774781049693e-10
0.4845	,1430,1.3005774781049693e-10
0.4846	,1430,1.3005774781049693e-10
0.4847	,1430,1.3005774781049693e-10
0.4848	,1430,1.3005774781049693e-10
0.4849	,1430,1.3005774781049693e-10
0.485	,1430,1.3005774781049693e-10
0.4851	,1430,1.3005774781049693e-10
0.4852	,1430,1.3005774781049693e-10
0.4853	,1430,1.3005774781049693e-10
0.4854	,1430,1.3005774781049693e-10
0.4855	,1430,1.3005774781049693e-10
0.4856	,1430,1.3005774781049693e-10
0.4857	,1430,1.3005774781049693e-10
0.4858	,1430,1.3005774781049693e-10
0.4859	,1430,1.3005774781049693e-10
0.486	,1430,1.3005774781049693e-10
0.4861	,1430,1.3005774781049693e-10
0.4862	,1430,1.3005774781049693e-10
0.4863	,1430,1.3005774781049693e-10
0.4864	,1430,1.3005774781049693e-10
0.4865	,1430,1.3005774781049693e-10
0.4866	,1430,1.3005774781049693e-10
0.4867	,1430,1.3005774781049693e-10
0.4868	,1430,1.3005774781049693e-10
0.4869	,1430,1.3005774781049693e-10
0.487	,1430,1.3005774781049693e-10
0.4871	,1430,1.3005774781049693e-10
0.4872	,1430,1.3005774781049693e-10
0.4873	,1430,1.3005774781049693e-10
0.4874	,1430,1.3005774781049693e-10
0.4875	,1430,1.3005774781049693e-10
0.4876	,1430,1.3005774781049693e-10
0.4877	,1430,1.3005774781049693e-10
0.4878	,1430,1.3005774781049693e-10
0.4879	,1430,1.3005774781049693e-10
0.488	,1430,1.3005774781049693e-10
0.4881	,1430,1.3005774781049693e-10
0.4882	,1430,1.3005774781049693e-10
0.4883	,1430,1.3005774781049693e-10
0.4884	,1430,1.3005774781049693e-10
0.4885	,1430,1.3005774781049693e-10
0.4886	,1430,1.3005774781049693e-10
0.4887	,1430,1.3005774781049693e-10
0.4888	,1430,1.3005774781049693e-10
0.4889	,1430,1.3005774781049693e-10
0.489	,1430,1.3005774781049693e-10
0.4891	,1430,1.3005774781049693e-10
0.4892	,1430,1.3005774781049693e-10
0.4893	,1430,1.3005774781049693e-10
0.4894	,1430,1.3005774781049693e-10
0.4895	,1430,1.3005774781049693e-10
0.4896	,1430,1.3005774781049693e-10
0.4897	,1430,1.3005774781049693e-10
0.4898	,1430,1.3005774781049693e-10
0.4899	,1430,1.3005774781049693e-10
0.49	,1430,1.3005774781049693e-10
0.4901	,1430,1.3005774781049693e-10
0.4902	,1430,1.3005774781049693e-10
0.4903	,1430,1.3005774781049693e-10
0.4904	,1430,1.3005774781049693e-10
0.4905	,1430,1.3005774781049693e-10
0.4906	,1430,1.3005774781049693e-10
0.4907	,1430,1.3005774781049693e-10
0.4908	,1430,1.3005774781049693e-10
0.4909	,1430,1.3005774781049693e-10
0.491	,1430,1.3005774781049693e-10
0.4911	,1430,1.3005774781049693e-10
0.4912	,1430,1.3005774781049693e-10
0.4913	,1430,1.3005774781049693e-10
0.4914	,1430,1.3005774781049693e-10
0.4915	,1430,1.3005774781049693e-10
0.4916	,1430,1.3005774781049693e-10
0.4917	,1430,1.3005774781049693e-10
0.4918	,1430,1.3005774781049693e-10
0.4919	,1430,1.3005774781049693e-10
0.492	,1430,1.3005774781049693e-10
0.4921	,1430,1.3005774781049693e-10
0.4922	,1430,1.3005774781049693e-10
0.4923	,1430,1.3005774781049693e-10
0.4924	,1430,1.3005774781049693e-10
0.4925	,1430,1.3005774781049693e-10
0.4926	,1430,1.3005774781049693e-10
0.4927	,1430,1.3005774781049693e-10
0.4928	,1430,1.3005774781049693e-10
0.4929	,1430,1.3005774781049693e-10
0.493	,1430,1.3005774781049693e-10
0.4931	,1430,1.3005774781049693e-10
0.4932	,1430,1.3005774781049693e-10
0.4933	,1430,1.3005774781049693e-10
0.4934	,1430,1.3005774781049693e-10
0.4935	,1430,1.3005774781049693e-10
0.4936	,1430,1.3005774781049693e-10
0.4937	,1430,1.3005774781049693e-10
0.4938	,1430,1.3005774781049693e-10
0.4939	,1430,1.3005774781049693e-10
0.494	,1430,1.3005774781049693e-10
0.4941	,1430,1.3005774781049693e-10
0.4942	,1430,1.3005774781049693e-10
0.4943	,1430,1.3005774781049693e-10
0.4944	,1430,1.3005774781049693e-10
0.4945	,1430,1.3005774781049693e-10
0.4946	,1430,1.3005774781049693e-10
0.4947	,1430,1.3005774781049693e-10
0.4948	,1430,1.3005774781049693e-10
0.4949	,1430,1.3005774781049693e-10
0.495	,1430,1.3005774781049693e-10
0.4951	,1430,1.3005774781049693e-10
0.4952	,1430,1.3005774781049693e-10
0.4953	,1430,1.3005774781049693e-10
0.4954	,1430,1.3005774781049693e-10
0.4955	,1430,1.3005774781049693e-10
0.4956	,1430,1.3005774781049693e-10
0.4957	,1430,1.3005774781049693e-10
0.4958	,1430,1.3005774781049693e-10
0.4959	,1430,1.3005774781049693e-10
0.496	,1430,1.3005774781049693e-10
0.4961	,1430,1.3005774781049693e-10
0.4962	,1430,1.3005774781049693e-10
0.4963	,1430,1.3005774781049693e-10
0.4964	,1430,1.3005774781049693e-10
0.4965	,1430,1.3005774781049693e-10
0.4966	,1430,1.3005774781049693e-10
0.4967	,1430,1.3005774781049693e-10
0.4968	,1430,1.3005774781049693e-10
0.4969	,1430,1.3005774781049693e-10
0.497	,1430,1.3005774781049693e-10
0.4971	,1430,1.3005774781049693e-10
0.4972	,1430,1.3005774781049693e-10
0.4973	,1430,1.3005774781049693e-10
0.4974	,1430,1.3005774781049693e-10
0.4975	,1430,1.3005774781049693e-10
0.4976	,1430,1.3005774781049693e-10
0.4977	,1430,1.3005774781049693e-10
0.4978	,1430,1.3005774781049693e-10
0.4979	,1430,1.3005774781049693e-10
0.498	,1430,1.3005774781049693e-10
0.4981	,1430,1.3005774781049693e-10
0.4982	,1430,1.3005774781049693e-10
0.4983	,1430,1.3005774781049693e-10
0.4984	,1430,1.3005774781049693e-10
0.4985	,1430,1.3005774781049693e-10
0.4986	,1430,1.3005774781049693e-10
0.4987	,1430,1.3005774781049693e-10
0.4988	,1430,1.3005774781049693e-10
0.4989	,1430,1.3005774781049693e-10
0.499	,1430,1.3005774781049693e-10
0.4991	,1430,1.3005774781049693e-10
0.4992	,1430,1.3005774781049693e-10
0.4993	,1430,1.3005774781049693e-10
0.4994	,1430,1.3005774781049693e-10
0.4995	,1430,1.3005774781049693e-10
0.4996	,1430,1.3005774781049693e-10
0.4997	,1430,1.3005774781049693e-10
0.4998	,1430,1.3005774781049693e-10
0.4999	,1430,1.3005774781049693e-10
0.5	,1430,1.3005774781049693e-10
0.5	,1430,1.3005774781049693e-10
